DATAFLOW,LAST UPDATE,freq,product,consom,unit,tax,currency,geo,TIME_PERIOD,OBS_VALUE,OBS_FLAG
ESTAT:NRG_PC_202(1.0),08/04/22 11:00:00,S,4100,4141901,KWH,I_TAX,EUR,AT,2007-S2,0.0753,
ESTAT:NRG_PC_202(1.0),08/04/22 11:00:00,S,4100,4141901,KWH,I_TAX,EUR,AT,2008-S1,0.0729,
ESTAT:NRG_PC_202(1.0),08/04/22 11:00:00,S,4100,4141901,KWH,I_TAX,EUR,AT,2008-S2,0.0752,
ESTAT:NRG_PC_202(1.0),08/04/22 11:00:00,S,4100,4141901,KWH,I_TAX,EUR,AT,2009-S1,0.0785,
ESTAT:NRG_PC_202(1.0),08/04/22 11:00:00,S,4100,4141901,KWH,I_TAX,EUR,AT,2009-S2,0.0758,
ESTAT:NRG_PC_202(1.0),08/04/22 11:00:00,S,4100,4141901,KWH,I_TAX,EUR,AT,2010-S1,0.0756,
ESTAT:NRG_PC_202(1.0),08/04/22 11:00:00,S,4100,4141901,KWH,I_TAX,EUR,AT,2010-S2,0.0736,
ESTAT:NRG_PC_202(1.0),08/04/22 11:00:00,S,4100,4141901,KWH,I_TAX,EUR,AT,2011-S1,0.0833,
ESTAT:NRG_PC_202(1.0),08/04/22 11:00:00,S,4100,4141901,KWH,I_TAX,EUR,AT,2011-S2,0.0874,
ESTAT:NRG_PC_202(1.0),08/04/22 11:00:00,S,4100,4141901,KWH,I_TAX,EUR,AT,2012-S1,0.0919,
ESTAT:NRG_PC_202(1.0),08/04/22 11:00:00,S,4100,4141901,KWH,I_TAX,EUR,AT,2012-S2,0.0919,
ESTAT:NRG_PC_202(1.0),08/04/22 11:00:00,S,4100,4141901,KWH,I_TAX,EUR,AT,2013-S1,0.0918,
ESTAT:NRG_PC_202(1.0),08/04/22 11:00:00,S,4100,4141901,KWH,I_TAX,EUR,AT,2013-S2,0.0904,
ESTAT:NRG_PC_202(1.0),08/04/22 11:00:00,S,4100,4141901,KWH,I_TAX,EUR,AT,2014-S1,0.0902,
ESTAT:NRG_PC_202(1.0),08/04/22 11:00:00,S,4100,4141901,KWH,I_TAX,EUR,AT,2014-S2,0.0887,
ESTAT:NRG_PC_202(1.0),08/04/22 11:00:00,S,4100,4141901,KWH,I_TAX,EUR,AT,2015-S1,0.0879,
ESTAT:NRG_PC_202(1.0),08/04/22 11:00:00,S,4100,4141901,KWH,I_TAX,EUR,AT,2015-S2,0.0861,
ESTAT:NRG_PC_202(1.0),08/04/22 11:00:00,S,4100,4141901,KWH,I_TAX,EUR,AT,2016-S1,0.0854,
ESTAT:NRG_PC_202(1.0),08/04/22 11:00:00,S,4100,4141901,KWH,I_TAX,EUR,AT,2016-S2,0.0837,
ESTAT:NRG_PC_202(1.0),08/04/22 11:00:00,S,4100,4141901,KWH,I_TAX,EUR,AT,2017-S1,0.0837,
ESTAT:NRG_PC_202(1.0),08/04/22 11:00:00,S,4100,4141901,KWH,I_TAX,EUR,AT,2017-S2,0.1084,
ESTAT:NRG_PC_202(1.0),08/04/22 11:00:00,S,4100,4141901,KWH,I_TAX,EUR,AT,2018-S1,0.0977,
ESTAT:NRG_PC_202(1.0),08/04/22 11:00:00,S,4100,4141901,KWH,I_TAX,EUR,AT,2018-S2,0.1040,
ESTAT:NRG_PC_202(1.0),08/04/22 11:00:00,S,4100,4141901,KWH,I_TAX,EUR,AT,2019-S1,0.0964,
ESTAT:NRG_PC_202(1.0),08/04/22 11:00:00,S,4100,4141901,KWH,I_TAX,EUR,AT,2019-S2,0.1030,
ESTAT:NRG_PC_202(1.0),08/04/22 11:00:00,S,4100,4141901,KWH,I_TAX,EUR,AT,2020-S1,0.0978,
ESTAT:NRG_PC_202(1.0),08/04/22 11:00:00,S,4100,4141901,KWH,I_TAX,EUR,AT,2020-S2,0.1014,
ESTAT:NRG_PC_202(1.0),08/04/22 11:00:00,S,4100,4141901,KWH,I_TAX,EUR,AT,2021-S1,0.0972,
ESTAT:NRG_PC_202(1.0),08/04/22 11:00:00,S,4100,4141901,KWH,I_TAX,EUR,AT,2021-S2,0.1057,
ESTAT:NRG_PC_202(1.0),08/04/22 11:00:00,S,4100,4141901,KWH,I_TAX,EUR,BA,2011-S1,0.0452,
ESTAT:NRG_PC_202(1.0),08/04/22 11:00:00,S,4100,4141901,KWH,I_TAX,EUR,BA,2011-S2,0.0536,
ESTAT:NRG_PC_202(1.0),08/04/22 11:00:00,S,4100,4141901,KWH,I_TAX,EUR,BA,2012-S1,0.0555,
ESTAT:NRG_PC_202(1.0),08/04/22 11:00:00,S,4100,4141901,KWH,I_TAX,EUR,BA,2012-S2,0.0555,
ESTAT:NRG_PC_202(1.0),08/04/22 11:00:00,S,4100,4141901,KWH,I_TAX,EUR,BA,2013-S1,0.0555,
ESTAT:NRG_PC_202(1.0),08/04/22 11:00:00,S,4100,4141901,KWH,I_TAX,EUR,BA,2013-S2,0.0512,
ESTAT:NRG_PC_202(1.0),08/04/22 11:00:00,S,4100,4141901,KWH,I_TAX,EUR,BA,2014-S1,0.0512,
ESTAT:NRG_PC_202(1.0),08/04/22 11:00:00,S,4100,4141901,KWH,I_TAX,EUR,BA,2014-S2,0.0512,
ESTAT:NRG_PC_202(1.0),08/04/22 11:00:00,S,4100,4141901,KWH,I_TAX,EUR,BA,2015-S1,0.0514,
ESTAT:NRG_PC_202(1.0),08/04/22 11:00:00,S,4100,4141901,KWH,I_TAX,EUR,BA,2015-S2,0.0514,
ESTAT:NRG_PC_202(1.0),08/04/22 11:00:00,S,4100,4141901,KWH,I_TAX,EUR,BA,2016-S1,0.0391,
ESTAT:NRG_PC_202(1.0),08/04/22 11:00:00,S,4100,4141901,KWH,I_TAX,EUR,BA,2016-S2,0.0336,
ESTAT:NRG_PC_202(1.0),08/04/22 11:00:00,S,4100,4141901,KWH,I_TAX,EUR,BA,2017-S1,0.0307,
ESTAT:NRG_PC_202(1.0),08/04/22 11:00:00,S,4100,4141901,KWH,I_TAX,EUR,BA,2017-S2,0.0327,
ESTAT:NRG_PC_202(1.0),08/04/22 11:00:00,S,4100,4141901,KWH,I_TAX,EUR,BA,2018-S1,0.0326,
ESTAT:NRG_PC_202(1.0),08/04/22 11:00:00,S,4100,4141901,KWH,I_TAX,EUR,BA,2018-S2,0.0326,
ESTAT:NRG_PC_202(1.0),08/04/22 11:00:00,S,4100,4141901,KWH,I_TAX,EUR,BA,2019-S1,0.0335,
ESTAT:NRG_PC_202(1.0),08/04/22 11:00:00,S,4100,4141901,KWH,I_TAX,EUR,BA,2019-S2,0.0333,
ESTAT:NRG_PC_202(1.0),08/04/22 11:00:00,S,4100,4141901,KWH,I_TAX,EUR,BA,2020-S1,0.0374,
ESTAT:NRG_PC_202(1.0),08/04/22 11:00:00,S,4100,4141901,KWH,I_TAX,EUR,BA,2020-S2,0.0346,
ESTAT:NRG_PC_202(1.0),08/04/22 11:00:00,S,4100,4141901,KWH,I_TAX,EUR,BA,2021-S1,0.0321,
ESTAT:NRG_PC_202(1.0),08/04/22 11:00:00,S,4100,4141901,KWH,I_TAX,EUR,BA,2021-S2,0.0364,
ESTAT:NRG_PC_202(1.0),08/04/22 11:00:00,S,4100,4141901,KWH,I_TAX,EUR,BE,2007-S2,0.0773,
ESTAT:NRG_PC_202(1.0),08/04/22 11:00:00,S,4100,4141901,KWH,I_TAX,EUR,BE,2008-S1,0.0860,
ESTAT:NRG_PC_202(1.0),08/04/22 11:00:00,S,4100,4141901,KWH,I_TAX,EUR,BE,2008-S2,0.1013,
ESTAT:NRG_PC_202(1.0),08/04/22 11:00:00,S,4100,4141901,KWH,I_TAX,EUR,BE,2009-S1,0.0880,
ESTAT:NRG_PC_202(1.0),08/04/22 11:00:00,S,4100,4141901,KWH,I_TAX,EUR,BE,2009-S2,0.0789,
ESTAT:NRG_PC_202(1.0),08/04/22 11:00:00,S,4100,4141901,KWH,I_TAX,EUR,BE,2010-S1,0.0798,
ESTAT:NRG_PC_202(1.0),08/04/22 11:00:00,S,4100,4141901,KWH,I_TAX,EUR,BE,2010-S2,0.0854,
ESTAT:NRG_PC_202(1.0),08/04/22 11:00:00,S,4100,4141901,KWH,I_TAX,EUR,BE,2011-S1,0.0873,
ESTAT:NRG_PC_202(1.0),08/04/22 11:00:00,S,4100,4141901,KWH,I_TAX,EUR,BE,2011-S2,0.0961,
ESTAT:NRG_PC_202(1.0),08/04/22 11:00:00,S,4100,4141901,KWH,I_TAX,EUR,BE,2012-S1,0.0936,
ESTAT:NRG_PC_202(1.0),08/04/22 11:00:00,S,4100,4141901,KWH,I_TAX,EUR,BE,2012-S2,0.1028,
ESTAT:NRG_PC_202(1.0),08/04/22 11:00:00,S,4100,4141901,KWH,I_TAX,EUR,BE,2013-S1,0.0924,
ESTAT:NRG_PC_202(1.0),08/04/22 11:00:00,S,4100,4141901,KWH,I_TAX,EUR,BE,2013-S2,0.0895,
ESTAT:NRG_PC_202(1.0),08/04/22 11:00:00,S,4100,4141901,KWH,I_TAX,EUR,BE,2014-S1,0.0862,
ESTAT:NRG_PC_202(1.0),08/04/22 11:00:00,S,4100,4141901,KWH,I_TAX,EUR,BE,2014-S2,0.0929,
ESTAT:NRG_PC_202(1.0),08/04/22 11:00:00,S,4100,4141901,KWH,I_TAX,EUR,BE,2015-S1,0.0794,
ESTAT:NRG_PC_202(1.0),08/04/22 11:00:00,S,4100,4141901,KWH,I_TAX,EUR,BE,2015-S2,0.0907,
ESTAT:NRG_PC_202(1.0),08/04/22 11:00:00,S,4100,4141901,KWH,I_TAX,EUR,BE,2016-S1,0.0751,
ESTAT:NRG_PC_202(1.0),08/04/22 11:00:00,S,4100,4141901,KWH,I_TAX,EUR,BE,2016-S2,0.0788,
ESTAT:NRG_PC_202(1.0),08/04/22 11:00:00,S,4100,4141901,KWH,I_TAX,EUR,BE,2017-S1,0.0729,
ESTAT:NRG_PC_202(1.0),08/04/22 11:00:00,S,4100,4141901,KWH,I_TAX,EUR,BE,2017-S2,0.0796,
ESTAT:NRG_PC_202(1.0),08/04/22 11:00:00,S,4100,4141901,KWH,I_TAX,EUR,BE,2018-S1,0.0760,
ESTAT:NRG_PC_202(1.0),08/04/22 11:00:00,S,4100,4141901,KWH,I_TAX,EUR,BE,2018-S2,0.0901,
ESTAT:NRG_PC_202(1.0),08/04/22 11:00:00,S,4100,4141901,KWH,I_TAX,EUR,BE,2019-S1,0.0778,
ESTAT:NRG_PC_202(1.0),08/04/22 11:00:00,S,4100,4141901,KWH,I_TAX,EUR,BE,2019-S2,0.0890,
ESTAT:NRG_PC_202(1.0),08/04/22 11:00:00,S,4100,4141901,KWH,I_TAX,EUR,BE,2020-S1,0.0663,
ESTAT:NRG_PC_202(1.0),08/04/22 11:00:00,S,4100,4141901,KWH,I_TAX,EUR,BE,2020-S2,0.0698,
ESTAT:NRG_PC_202(1.0),08/04/22 11:00:00,S,4100,4141901,KWH,I_TAX,EUR,BE,2021-S1,0.0640,
ESTAT:NRG_PC_202(1.0),08/04/22 11:00:00,S,4100,4141901,KWH,I_TAX,EUR,BE,2021-S2,0.0898,
ESTAT:NRG_PC_202(1.0),08/04/22 11:00:00,S,4100,4141901,KWH,I_TAX,EUR,BG,2007-S2,0.0306,
ESTAT:NRG_PC_202(1.0),08/04/22 11:00:00,S,4100,4141901,KWH,I_TAX,EUR,BG,2008-S1,0.0324,
ESTAT:NRG_PC_202(1.0),08/04/22 11:00:00,S,4100,4141901,KWH,I_TAX,EUR,BG,2008-S2,0.0417,
ESTAT:NRG_PC_202(1.0),08/04/22 11:00:00,S,4100,4141901,KWH,I_TAX,EUR,BG,2009-S1,0.0477,
ESTAT:NRG_PC_202(1.0),08/04/22 11:00:00,S,4100,4141901,KWH,I_TAX,EUR,BG,2009-S2,0.0338,
ESTAT:NRG_PC_202(1.0),08/04/22 11:00:00,S,4100,4141901,KWH,I_TAX,EUR,BG,2010-S1,0.0363,
ESTAT:NRG_PC_202(1.0),08/04/22 11:00:00,S,4100,4141901,KWH,I_TAX,EUR,BG,2010-S2,0.0422,
ESTAT:NRG_PC_202(1.0),08/04/22 11:00:00,S,4100,4141901,KWH,I_TAX,EUR,BG,2011-S1,0.0427,
ESTAT:NRG_PC_202(1.0),08/04/22 11:00:00,S,4100,4141901,KWH,I_TAX,EUR,BG,2011-S2,0.0461,
ESTAT:NRG_PC_202(1.0),08/04/22 11:00:00,S,4100,4141901,KWH,I_TAX,EUR,BG,2012-S1,0.0496,
ESTAT:NRG_PC_202(1.0),08/04/22 11:00:00,S,4100,4141901,KWH,I_TAX,EUR,BG,2012-S2,0.0554,
ESTAT:NRG_PC_202(1.0),08/04/22 11:00:00,S,4100,4141901,KWH,I_TAX,EUR,BG,2013-S1,0.0497,
ESTAT:NRG_PC_202(1.0),08/04/22 11:00:00,S,4100,4141901,KWH,I_TAX,EUR,BG,2013-S2,0.0551,
ESTAT:NRG_PC_202(1.0),08/04/22 11:00:00,S,4100,4141901,KWH,I_TAX,EUR,BG,2014-S1,0.0483,
ESTAT:NRG_PC_202(1.0),08/04/22 11:00:00,S,4100,4141901,KWH,I_TAX,EUR,BG,2014-S2,0.0517,
ESTAT:NRG_PC_202(1.0),08/04/22 11:00:00,S,4100,4141901,KWH,I_TAX,EUR,BG,2015-S1,0.0492,
ESTAT:NRG_PC_202(1.0),08/04/22 11:00:00,S,4100,4141901,KWH,I_TAX,EUR,BG,2015-S2,0.0432,
ESTAT:NRG_PC_202(1.0),08/04/22 11:00:00,S,4100,4141901,KWH,I_TAX,EUR,BG,2016-S1,0.0389,
ESTAT:NRG_PC_202(1.0),08/04/22 11:00:00,S,4100,4141901,KWH,I_TAX,EUR,BG,2016-S2,0.0336,
ESTAT:NRG_PC_202(1.0),08/04/22 11:00:00,S,4100,4141901,KWH,I_TAX,EUR,BG,2017-S1,0.0348,
ESTAT:NRG_PC_202(1.0),08/04/22 11:00:00,S,4100,4141901,KWH,I_TAX,EUR,BG,2017-S2,0.0407,
ESTAT:NRG_PC_202(1.0),08/04/22 11:00:00,S,4100,4141901,KWH,I_TAX,EUR,BG,2018-S1,0.0393,
ESTAT:NRG_PC_202(1.0),08/04/22 11:00:00,S,4100,4141901,KWH,I_TAX,EUR,BG,2018-S2,0.0457,
ESTAT:NRG_PC_202(1.0),08/04/22 11:00:00,S,4100,4141901,KWH,I_TAX,EUR,BG,2019-S1,0.0459,
ESTAT:NRG_PC_202(1.0),08/04/22 11:00:00,S,4100,4141901,KWH,I_TAX,EUR,BG,2019-S2,0.0454,
ESTAT:NRG_PC_202(1.0),08/04/22 11:00:00,S,4100,4141901,KWH,I_TAX,EUR,BG,2020-S1,0.0409,
ESTAT:NRG_PC_202(1.0),08/04/22 11:00:00,S,4100,4141901,KWH,I_TAX,EUR,BG,2020-S2,0.0374,
ESTAT:NRG_PC_202(1.0),08/04/22 11:00:00,S,4100,4141901,KWH,I_TAX,EUR,BG,2021-S1,0.0389,
ESTAT:NRG_PC_202(1.0),08/04/22 11:00:00,S,4100,4141901,KWH,I_TAX,EUR,BG,2021-S2,0.0735,
ESTAT:NRG_PC_202(1.0),08/04/22 11:00:00,S,4100,4141901,KWH,I_TAX,EUR,CZ,2007-S2,0.0544,
ESTAT:NRG_PC_202(1.0),08/04/22 11:00:00,S,4100,4141901,KWH,I_TAX,EUR,CZ,2008-S1,0.0657,
ESTAT:NRG_PC_202(1.0),08/04/22 11:00:00,S,4100,4141901,KWH,I_TAX,EUR,CZ,2008-S2,0.0757,
ESTAT:NRG_PC_202(1.0),08/04/22 11:00:00,S,4100,4141901,KWH,I_TAX,EUR,CZ,2009-S1,0.0719,
ESTAT:NRG_PC_202(1.0),08/04/22 11:00:00,S,4100,4141901,KWH,I_TAX,EUR,CZ,2009-S2,0.0706,
ESTAT:NRG_PC_202(1.0),08/04/22 11:00:00,S,4100,4141901,KWH,I_TAX,EUR,CZ,2010-S1,0.0741,
ESTAT:NRG_PC_202(1.0),08/04/22 11:00:00,S,4100,4141901,KWH,I_TAX,EUR,CZ,2010-S2,0.0794,
ESTAT:NRG_PC_202(1.0),08/04/22 11:00:00,S,4100,4141901,KWH,I_TAX,EUR,CZ,2011-S1,0.0872,
ESTAT:NRG_PC_202(1.0),08/04/22 11:00:00,S,4100,4141901,KWH,I_TAX,EUR,CZ,2011-S2,0.0945,
ESTAT:NRG_PC_202(1.0),08/04/22 11:00:00,S,4100,4141901,KWH,I_TAX,EUR,CZ,2012-S1,0.0943,
ESTAT:NRG_PC_202(1.0),08/04/22 11:00:00,S,4100,4141901,KWH,I_TAX,EUR,CZ,2012-S2,0.0945,
ESTAT:NRG_PC_202(1.0),08/04/22 11:00:00,S,4100,4141901,KWH,I_TAX,EUR,CZ,2013-S1,0.0970,
ESTAT:NRG_PC_202(1.0),08/04/22 11:00:00,S,4100,4141901,KWH,I_TAX,EUR,CZ,2013-S2,0.0904,
ESTAT:NRG_PC_202(1.0),08/04/22 11:00:00,S,4100,4141901,KWH,I_TAX,EUR,CZ,2014-S1,0.0855,
ESTAT:NRG_PC_202(1.0),08/04/22 11:00:00,S,4100,4141901,KWH,I_TAX,EUR,CZ,2014-S2,0.0861,
ESTAT:NRG_PC_202(1.0),08/04/22 11:00:00,S,4100,4141901,KWH,I_TAX,EUR,CZ,2015-S1,0.0895,
ESTAT:NRG_PC_202(1.0),08/04/22 11:00:00,S,4100,4141901,KWH,I_TAX,EUR,CZ,2015-S2,0.0910,
ESTAT:NRG_PC_202(1.0),08/04/22 11:00:00,S,4100,4141901,KWH,I_TAX,EUR,CZ,2016-S1,0.0923,
ESTAT:NRG_PC_202(1.0),08/04/22 11:00:00,S,4100,4141901,KWH,I_TAX,EUR,CZ,2016-S2,0.0902,
ESTAT:NRG_PC_202(1.0),08/04/22 11:00:00,S,4100,4141901,KWH,I_TAX,EUR,CZ,2017-S1,0.0958,
ESTAT:NRG_PC_202(1.0),08/04/22 11:00:00,S,4100,4141901,KWH,I_TAX,EUR,CZ,2017-S2,0.0989,
ESTAT:NRG_PC_202(1.0),08/04/22 11:00:00,S,4100,4141901,KWH,I_TAX,EUR,CZ,2018-S1,0.1065,
ESTAT:NRG_PC_202(1.0),08/04/22 11:00:00,S,4100,4141901,KWH,I_TAX,EUR,CZ,2018-S2,0.1053,
ESTAT:NRG_PC_202(1.0),08/04/22 11:00:00,S,4100,4141901,KWH,I_TAX,EUR,CZ,2019-S1,0.1114,
ESTAT:NRG_PC_202(1.0),08/04/22 11:00:00,S,4100,4141901,KWH,I_TAX,EUR,CZ,2019-S2,0.1119,
ESTAT:NRG_PC_202(1.0),08/04/22 11:00:00,S,4100,4141901,KWH,I_TAX,EUR,CZ,2020-S1,0.1083,
ESTAT:NRG_PC_202(1.0),08/04/22 11:00:00,S,4100,4141901,KWH,I_TAX,EUR,CZ,2020-S2,0.1063,
ESTAT:NRG_PC_202(1.0),08/04/22 11:00:00,S,4100,4141901,KWH,I_TAX,EUR,CZ,2021-S1,0.1068,
ESTAT:NRG_PC_202(1.0),08/04/22 11:00:00,S,4100,4141901,KWH,I_TAX,EUR,CZ,2021-S2,0.1053,
ESTAT:NRG_PC_202(1.0),08/04/22 11:00:00,S,4100,4141901,KWH,I_TAX,EUR,DE,2007-S2,0.0935,
ESTAT:NRG_PC_202(1.0),08/04/22 11:00:00,S,4100,4141901,KWH,I_TAX,EUR,DE,2008-S1,0.0944,
ESTAT:NRG_PC_202(1.0),08/04/22 11:00:00,S,4100,4141901,KWH,I_TAX,EUR,DE,2008-S2,0.1087,
ESTAT:NRG_PC_202(1.0),08/04/22 11:00:00,S,4100,4141901,KWH,I_TAX,EUR,DE,2009-S1,0.1004,
ESTAT:NRG_PC_202(1.0),08/04/22 11:00:00,S,4100,4141901,KWH,I_TAX,EUR,DE,2009-S2,0.0945,
ESTAT:NRG_PC_202(1.0),08/04/22 11:00:00,S,4100,4141901,KWH,I_TAX,EUR,DE,2010-S1,0.0914,
ESTAT:NRG_PC_202(1.0),08/04/22 11:00:00,S,4100,4141901,KWH,I_TAX,EUR,DE,2010-S2,0.1017,
ESTAT:NRG_PC_202(1.0),08/04/22 11:00:00,S,4100,4141901,KWH,I_TAX,EUR,DE,2011-S1,0.1026,
ESTAT:NRG_PC_202(1.0),08/04/22 11:00:00,S,4100,4141901,KWH,I_TAX,EUR,DE,2011-S2,0.1049,
ESTAT:NRG_PC_202(1.0),08/04/22 11:00:00,S,4100,4141901,KWH,I_TAX,EUR,DE,2012-S1,0.1040,
ESTAT:NRG_PC_202(1.0),08/04/22 11:00:00,S,4100,4141901,KWH,I_TAX,EUR,DE,2012-S2,0.1052,
ESTAT:NRG_PC_202(1.0),08/04/22 11:00:00,S,4100,4141901,KWH,I_TAX,EUR,DE,2013-S1,0.1067,
ESTAT:NRG_PC_202(1.0),08/04/22 11:00:00,S,4100,4141901,KWH,I_TAX,EUR,DE,2013-S2,0.1112,
ESTAT:NRG_PC_202(1.0),08/04/22 11:00:00,S,4100,4141901,KWH,I_TAX,EUR,DE,2014-S1,0.1111,
ESTAT:NRG_PC_202(1.0),08/04/22 11:00:00,S,4100,4141901,KWH,I_TAX,EUR,DE,2014-S2,0.1063,
ESTAT:NRG_PC_202(1.0),08/04/22 11:00:00,S,4100,4141901,KWH,I_TAX,EUR,DE,2015-S1,0.1088,
ESTAT:NRG_PC_202(1.0),08/04/22 11:00:00,S,4100,4141901,KWH,I_TAX,EUR,DE,2015-S2,0.1060,
ESTAT:NRG_PC_202(1.0),08/04/22 11:00:00,S,4100,4141901,KWH,I_TAX,EUR,DE,2016-S1,0.1091,
ESTAT:NRG_PC_202(1.0),08/04/22 11:00:00,S,4100,4141901,KWH,I_TAX,EUR,DE,2016-S2,0.1017,
ESTAT:NRG_PC_202(1.0),08/04/22 11:00:00,S,4100,4141901,KWH,I_TAX,EUR,DE,2017-S1,0.1038,
ESTAT:NRG_PC_202(1.0),08/04/22 11:00:00,S,4100,4141901,KWH,I_TAX,EUR,DE,2017-S2,0.1015,
ESTAT:NRG_PC_202(1.0),08/04/22 11:00:00,S,4100,4141901,KWH,I_TAX,EUR,DE,2018-S1,0.1019,
ESTAT:NRG_PC_202(1.0),08/04/22 11:00:00,S,4100,4141901,KWH,I_TAX,EUR,DE,2018-S2,0.1023,
ESTAT:NRG_PC_202(1.0),08/04/22 11:00:00,S,4100,4141901,KWH,I_TAX,EUR,DE,2019-S1,0.1077,
ESTAT:NRG_PC_202(1.0),08/04/22 11:00:00,S,4100,4141901,KWH,I_TAX,EUR,DE,2019-S2,0.0790,
ESTAT:NRG_PC_202(1.0),08/04/22 11:00:00,S,4100,4141901,KWH,I_TAX,EUR,DE,2020-S1,0.0829,
ESTAT:NRG_PC_202(1.0),08/04/22 11:00:00,S,4100,4141901,KWH,I_TAX,EUR,DE,2020-S2,0.0831,
ESTAT:NRG_PC_202(1.0),08/04/22 11:00:00,S,4100,4141901,KWH,I_TAX,EUR,DE,2021-S1,0.0827,
ESTAT:NRG_PC_202(1.0),08/04/22 11:00:00,S,4100,4141901,KWH,I_TAX,EUR,DE,2021-S2,0.0906,
ESTAT:NRG_PC_202(1.0),08/04/22 11:00:00,S,4100,4141901,KWH,I_TAX,EUR,DK,2007-S1,0.0815,
ESTAT:NRG_PC_202(1.0),08/04/22 11:00:00,S,4100,4141901,KWH,I_TAX,EUR,DK,2007-S2,0.0885,
ESTAT:NRG_PC_202(1.0),08/04/22 11:00:00,S,4100,4141901,KWH,I_TAX,EUR,DK,2008-S1,0.0959,
ESTAT:NRG_PC_202(1.0),08/04/22 11:00:00,S,4100,4141901,KWH,I_TAX,EUR,DK,2008-S2,0.0979,
ESTAT:NRG_PC_202(1.0),08/04/22 11:00:00,S,4100,4141901,KWH,I_TAX,EUR,DK,2009-S1,0.0803,
ESTAT:NRG_PC_202(1.0),08/04/22 11:00:00,S,4100,4141901,KWH,I_TAX,EUR,DK,2009-S2,0.0851,
ESTAT:NRG_PC_202(1.0),08/04/22 11:00:00,S,4100,4141901,KWH,I_TAX,EUR,DK,2010-S1,0.0954,
ESTAT:NRG_PC_202(1.0),08/04/22 11:00:00,S,4100,4141901,KWH,I_TAX,EUR,DK,2010-S2,0.0965,
ESTAT:NRG_PC_202(1.0),08/04/22 11:00:00,S,4100,4141901,KWH,I_TAX,EUR,DK,2011-S1,0.1031,
ESTAT:NRG_PC_202(1.0),08/04/22 11:00:00,S,4100,4141901,KWH,I_TAX,EUR,DK,2011-S2,0.1029,
ESTAT:NRG_PC_202(1.0),08/04/22 11:00:00,S,4100,4141901,KWH,I_TAX,EUR,DK,2012-S1,0.0980,
ESTAT:NRG_PC_202(1.0),08/04/22 11:00:00,S,4100,4141901,KWH,I_TAX,EUR,DK,2012-S2,0.0955,
ESTAT:NRG_PC_202(1.0),08/04/22 11:00:00,S,4100,4141901,KWH,I_TAX,EUR,DK,2013-S1,0.0993,
ESTAT:NRG_PC_202(1.0),08/04/22 11:00:00,S,4100,4141901,KWH,I_TAX,EUR,DK,2013-S2,0.0977,
ESTAT:NRG_PC_202(1.0),08/04/22 11:00:00,S,4100,4141901,KWH,I_TAX,EUR,DK,2014-S1,0.0908,
ESTAT:NRG_PC_202(1.0),08/04/22 11:00:00,S,4100,4141901,KWH,I_TAX,EUR,DK,2014-S2,0.0878,
ESTAT:NRG_PC_202(1.0),08/04/22 11:00:00,S,4100,4141901,KWH,I_TAX,EUR,DK,2015-S1,0.1093,
ESTAT:NRG_PC_202(1.0),08/04/22 11:00:00,S,4100,4141901,KWH,I_TAX,EUR,DK,2015-S2,0.1054,
ESTAT:NRG_PC_202(1.0),08/04/22 11:00:00,S,4100,4141901,KWH,I_TAX,EUR,DK,2016-S1,0.1006,
ESTAT:NRG_PC_202(1.0),08/04/22 11:00:00,S,4100,4141901,KWH,I_TAX,EUR,DK,2016-S2,0.1031,
ESTAT:NRG_PC_202(1.0),08/04/22 11:00:00,S,4100,4141901,KWH,I_TAX,EUR,DK,2017-S1,0.1041,
ESTAT:NRG_PC_202(1.0),08/04/22 11:00:00,S,4100,4141901,KWH,I_TAX,EUR,DK,2017-S2,0.1034,
ESTAT:NRG_PC_202(1.0),08/04/22 11:00:00,S,4100,4141901,KWH,I_TAX,EUR,DK,2018-S1,0.1022,
ESTAT:NRG_PC_202(1.0),08/04/22 11:00:00,S,4100,4141901,KWH,I_TAX,EUR,DK,2018-S2,0.1062,
ESTAT:NRG_PC_202(1.0),08/04/22 11:00:00,S,4100,4141901,KWH,I_TAX,EUR,DK,2019-S1,0.1124,
ESTAT:NRG_PC_202(1.0),08/04/22 11:00:00,S,4100,4141901,KWH,I_TAX,EUR,DK,2019-S2,0.1004,
ESTAT:NRG_PC_202(1.0),08/04/22 11:00:00,S,4100,4141901,KWH,I_TAX,EUR,DK,2020-S1,0.1001,
ESTAT:NRG_PC_202(1.0),08/04/22 11:00:00,S,4100,4141901,KWH,I_TAX,EUR,DK,2020-S2,0.1021,
ESTAT:NRG_PC_202(1.0),08/04/22 11:00:00,S,4100,4141901,KWH,I_TAX,EUR,DK,2021-S1,0.1134,
ESTAT:NRG_PC_202(1.0),08/04/22 11:00:00,S,4100,4141901,KWH,I_TAX,EUR,DK,2021-S2,0.1543,
ESTAT:NRG_PC_202(1.0),08/04/22 11:00:00,S,4100,4141901,KWH,I_TAX,EUR,EA,2007-S1,0.0805,
ESTAT:NRG_PC_202(1.0),08/04/22 11:00:00,S,4100,4141901,KWH,I_TAX,EUR,EA,2007-S2,0.0863,
ESTAT:NRG_PC_202(1.0),08/04/22 11:00:00,S,4100,4141901,KWH,I_TAX,EUR,EA,2008-S1,0.0858,
ESTAT:NRG_PC_202(1.0),08/04/22 11:00:00,S,4100,4141901,KWH,I_TAX,EUR,EA,2008-S2,0.1011,
ESTAT:NRG_PC_202(1.0),08/04/22 11:00:00,S,4100,4141901,KWH,I_TAX,EUR,EA,2009-S1,0.0922,
ESTAT:NRG_PC_202(1.0),08/04/22 11:00:00,S,4100,4141901,KWH,I_TAX,EUR,EA,2009-S2,0.0901,
ESTAT:NRG_PC_202(1.0),08/04/22 11:00:00,S,4100,4141901,KWH,I_TAX,EUR,EA,2010-S1,0.0845,
ESTAT:NRG_PC_202(1.0),08/04/22 11:00:00,S,4100,4141901,KWH,I_TAX,EUR,EA,2010-S2,0.1005,
ESTAT:NRG_PC_202(1.0),08/04/22 11:00:00,S,4100,4141901,KWH,I_TAX,EUR,EA,2011-S1,0.0928,
ESTAT:NRG_PC_202(1.0),08/04/22 11:00:00,S,4100,4141901,KWH,I_TAX,EUR,EA,2011-S2,0.1089,
ESTAT:NRG_PC_202(1.0),08/04/22 11:00:00,S,4100,4141901,KWH,I_TAX,EUR,EA,2012-S1,0.0982,
ESTAT:NRG_PC_202(1.0),08/04/22 11:00:00,S,4100,4141901,KWH,I_TAX,EUR,EA,2012-S2,0.1171,
ESTAT:NRG_PC_202(1.0),08/04/22 11:00:00,S,4100,4141901,KWH,I_TAX,EUR,EA,2013-S1,0.1036,
ESTAT:NRG_PC_202(1.0),08/04/22 11:00:00,S,4100,4141901,KWH,I_TAX,EUR,EA,2013-S2,0.1209,
ESTAT:NRG_PC_202(1.0),08/04/22 11:00:00,S,4100,4141901,KWH,I_TAX,EUR,EA,2014-S1,0.1085,
ESTAT:NRG_PC_202(1.0),08/04/22 11:00:00,S,4100,4141901,KWH,I_TAX,EUR,EA,2014-S2,0.1233,
ESTAT:NRG_PC_202(1.0),08/04/22 11:00:00,S,4100,4141901,KWH,I_TAX,EUR,EA,2015-S1,0.1043,
ESTAT:NRG_PC_202(1.0),08/04/22 11:00:00,S,4100,4141901,KWH,I_TAX,EUR,EA,2015-S2,0.1216,
ESTAT:NRG_PC_202(1.0),08/04/22 11:00:00,S,4100,4141901,KWH,I_TAX,EUR,EA,2016-S1,0.1035,
ESTAT:NRG_PC_202(1.0),08/04/22 11:00:00,S,4100,4141901,KWH,I_TAX,EUR,EA,2016-S2,0.1166,
ESTAT:NRG_PC_202(1.0),08/04/22 11:00:00,S,4100,4141901,KWH,I_TAX,EUR,EA,2017-S1,0.1011,
ESTAT:NRG_PC_202(1.0),08/04/22 11:00:00,S,4100,4141901,KWH,I_TAX,EUR,EA,2017-S2,0.1191,
ESTAT:NRG_PC_202(1.0),08/04/22 11:00:00,S,4100,4141901,KWH,I_TAX,EUR,EA,2018-S1,0.1033,
ESTAT:NRG_PC_202(1.0),08/04/22 11:00:00,S,4100,4141901,KWH,I_TAX,EUR,EA,2018-S2,0.1248,
ESTAT:NRG_PC_202(1.0),08/04/22 11:00:00,S,4100,4141901,KWH,I_TAX,EUR,EA,2019-S1,0.1097,
ESTAT:NRG_PC_202(1.0),08/04/22 11:00:00,S,4100,4141901,KWH,I_TAX,EUR,EA,2019-S2,0.1163,
ESTAT:NRG_PC_202(1.0),08/04/22 11:00:00,S,4100,4141901,KWH,I_TAX,EUR,EA,2020-S1,0.0990,
ESTAT:NRG_PC_202(1.0),08/04/22 11:00:00,S,4100,4141901,KWH,I_TAX,EUR,EA,2020-S2,0.1145,
ESTAT:NRG_PC_202(1.0),08/04/22 11:00:00,S,4100,4141901,KWH,I_TAX,EUR,EA,2021-S1,0.0957,
ESTAT:NRG_PC_202(1.0),08/04/22 11:00:00,S,4100,4141901,KWH,I_TAX,EUR,EA,2021-S2,0.1249,
ESTAT:NRG_PC_202(1.0),08/04/22 11:00:00,S,4100,4141901,KWH,I_TAX,EUR,EE,2007-S2,0.0386,
ESTAT:NRG_PC_202(1.0),08/04/22 11:00:00,S,4100,4141901,KWH,I_TAX,EUR,EE,2008-S1,0.0392,
ESTAT:NRG_PC_202(1.0),08/04/22 11:00:00,S,4100,4141901,KWH,I_TAX,EUR,EE,2008-S2,0.0408,
ESTAT:NRG_PC_202(1.0),08/04/22 11:00:00,S,4100,4141901,KWH,I_TAX,EUR,EE,2009-S1,0.0407,
ESTAT:NRG_PC_202(1.0),08/04/22 11:00:00,S,4100,4141901,KWH,I_TAX,EUR,EE,2009-S2,0.0375,
ESTAT:NRG_PC_202(1.0),08/04/22 11:00:00,S,4100,4141901,KWH,I_TAX,EUR,EE,2010-S1,0.0393,
ESTAT:NRG_PC_202(1.0),08/04/22 11:00:00,S,4100,4141901,KWH,I_TAX,EUR,EE,2010-S2,0.0514,
ESTAT:NRG_PC_202(1.0),08/04/22 11:00:00,S,4100,4141901,KWH,I_TAX,EUR,EE,2011-S1,0.0527,
ESTAT:NRG_PC_202(1.0),08/04/22 11:00:00,S,4100,4141901,KWH,I_TAX,EUR,EE,2011-S2,0.0594,
ESTAT:NRG_PC_202(1.0),08/04/22 11:00:00,S,4100,4141901,KWH,I_TAX,EUR,EE,2012-S1,0.0596,
ESTAT:NRG_PC_202(1.0),08/04/22 11:00:00,S,4100,4141901,KWH,I_TAX,EUR,EE,2012-S2,0.0634,
ESTAT:NRG_PC_202(1.0),08/04/22 11:00:00,S,4100,4141901,KWH,I_TAX,EUR,EE,2013-S1,0.0670,
ESTAT:NRG_PC_202(1.0),08/04/22 11:00:00,S,4100,4141901,KWH,I_TAX,EUR,EE,2013-S2,0.0591,
ESTAT:NRG_PC_202(1.0),08/04/22 11:00:00,S,4100,4141901,KWH,I_TAX,EUR,EE,2014-S1,0.0588,
ESTAT:NRG_PC_202(1.0),08/04/22 11:00:00,S,4100,4141901,KWH,I_TAX,EUR,EE,2014-S2,0.0548,
ESTAT:NRG_PC_202(1.0),08/04/22 11:00:00,S,4100,4141901,KWH,I_TAX,EUR,EE,2015-S1,0.0545,
ESTAT:NRG_PC_202(1.0),08/04/22 11:00:00,S,4100,4141901,KWH,I_TAX,EUR,EE,2015-S2,0.0414,
ESTAT:NRG_PC_202(1.0),08/04/22 11:00:00,S,4100,4141901,KWH,I_TAX,EUR,EE,2016-S1,0.0365,
ESTAT:NRG_PC_202(1.0),08/04/22 11:00:00,S,4100,4141901,KWH,I_TAX,EUR,EE,2016-S2,0.0361,
ESTAT:NRG_PC_202(1.0),08/04/22 11:00:00,S,4100,4141901,KWH,I_TAX,EUR,EE,2017-S1,0.0505,
ESTAT:NRG_PC_202(1.0),08/04/22 11:00:00,S,4100,4141901,KWH,I_TAX,EUR,EE,2017-S2,0.0504,
ESTAT:NRG_PC_202(1.0),08/04/22 11:00:00,S,4100,4141901,KWH,I_TAX,EUR,EE,2018-S1,0.0470,
ESTAT:NRG_PC_202(1.0),08/04/22 11:00:00,S,4100,4141901,KWH,I_TAX,EUR,EE,2018-S2,0.0494,
ESTAT:NRG_PC_202(1.0),08/04/22 11:00:00,S,4100,4141901,KWH,I_TAX,EUR,EE,2019-S1,0.0522,
ESTAT:NRG_PC_202(1.0),08/04/22 11:00:00,S,4100,4141901,KWH,I_TAX,EUR,EE,2019-S2,0.0519,
ESTAT:NRG_PC_202(1.0),08/04/22 11:00:00,S,4100,4141901,KWH,I_TAX,EUR,EE,2020-S1,0.0506,
ESTAT:NRG_PC_202(1.0),08/04/22 11:00:00,S,4100,4141901,KWH,I_TAX,EUR,EE,2020-S2,0.0480,
ESTAT:NRG_PC_202(1.0),08/04/22 11:00:00,S,4100,4141901,KWH,I_TAX,EUR,EE,2021-S1,0.0503,
ESTAT:NRG_PC_202(1.0),08/04/22 11:00:00,S,4100,4141901,KWH,I_TAX,EUR,EE,2021-S2,0.0647,
ESTAT:NRG_PC_202(1.0),08/04/22 11:00:00,S,4100,4141901,KWH,I_TAX,EUR,EL,2012-S2,0.1465,
ESTAT:NRG_PC_202(1.0),08/04/22 11:00:00,S,4100,4141901,KWH,I_TAX,EUR,EL,2013-S1,0.0888,
ESTAT:NRG_PC_202(1.0),08/04/22 11:00:00,S,4100,4141901,KWH,I_TAX,EUR,EL,2013-S2,0.1354,
ESTAT:NRG_PC_202(1.0),08/04/22 11:00:00,S,4100,4141901,KWH,I_TAX,EUR,EL,2014-S1,0.0844,
ESTAT:NRG_PC_202(1.0),08/04/22 11:00:00,S,4100,4141901,KWH,I_TAX,EUR,EL,2014-S2,0.1157,
ESTAT:NRG_PC_202(1.0),08/04/22 11:00:00,S,4100,4141901,KWH,I_TAX,EUR,EL,2015-S1,0.0798,
ESTAT:NRG_PC_202(1.0),08/04/22 11:00:00,S,4100,4141901,KWH,I_TAX,EUR,EL,2015-S2,0.1160,
ESTAT:NRG_PC_202(1.0),08/04/22 11:00:00,S,4100,4141901,KWH,I_TAX,EUR,EL,2016-S1,0.0676,
ESTAT:NRG_PC_202(1.0),08/04/22 11:00:00,S,4100,4141901,KWH,I_TAX,EUR,EL,2016-S2,0.1020,
ESTAT:NRG_PC_202(1.0),08/04/22 11:00:00,S,4100,4141901,KWH,I_TAX,EUR,EL,2017-S1,0.0668,p
ESTAT:NRG_PC_202(1.0),08/04/22 11:00:00,S,4100,4141901,KWH,I_TAX,EUR,EL,2017-S2,,c
ESTAT:NRG_PC_202(1.0),08/04/22 11:00:00,S,4100,4141901,KWH,I_TAX,EUR,EL,2018-S1,0.0619,e
ESTAT:NRG_PC_202(1.0),08/04/22 11:00:00,S,4100,4141901,KWH,I_TAX,EUR,EL,2018-S2,0.0781,
ESTAT:NRG_PC_202(1.0),08/04/22 11:00:00,S,4100,4141901,KWH,I_TAX,EUR,EL,2019-S1,0.0637,
ESTAT:NRG_PC_202(1.0),08/04/22 11:00:00,S,4100,4141901,KWH,I_TAX,EUR,EL,2019-S2,0.0719,
ESTAT:NRG_PC_202(1.0),08/04/22 11:00:00,S,4100,4141901,KWH,I_TAX,EUR,EL,2020-S1,0.0604,
ESTAT:NRG_PC_202(1.0),08/04/22 11:00:00,S,4100,4141901,KWH,I_TAX,EUR,EL,2020-S2,0.0751,
ESTAT:NRG_PC_202(1.0),08/04/22 11:00:00,S,4100,4141901,KWH,I_TAX,EUR,EL,2021-S1,0.0551,
ESTAT:NRG_PC_202(1.0),08/04/22 11:00:00,S,4100,4141901,KWH,I_TAX,EUR,EL,2021-S2,0.1069,
ESTAT:NRG_PC_202(1.0),08/04/22 11:00:00,S,4100,4141901,KWH,I_TAX,EUR,ES,2007-S2,0.0695,
ESTAT:NRG_PC_202(1.0),08/04/22 11:00:00,S,4100,4141901,KWH,I_TAX,EUR,ES,2008-S1,0.0707,
ESTAT:NRG_PC_202(1.0),08/04/22 11:00:00,S,4100,4141901,KWH,I_TAX,EUR,ES,2008-S2,0.0780,
ESTAT:NRG_PC_202(1.0),08/04/22 11:00:00,S,4100,4141901,KWH,I_TAX,EUR,ES,2009-S1,0.0737,
ESTAT:NRG_PC_202(1.0),08/04/22 11:00:00,S,4100,4141901,KWH,I_TAX,EUR,ES,2009-S2,0.0686,
ESTAT:NRG_PC_202(1.0),08/04/22 11:00:00,S,4100,4141901,KWH,I_TAX,EUR,ES,2010-S1,0.0681,
ESTAT:NRG_PC_202(1.0),08/04/22 11:00:00,S,4100,4141901,KWH,I_TAX,EUR,ES,2010-S2,0.0686,
ESTAT:NRG_PC_202(1.0),08/04/22 11:00:00,S,4100,4141901,KWH,I_TAX,EUR,ES,2011-S1,0.0685,
ESTAT:NRG_PC_202(1.0),08/04/22 11:00:00,S,4100,4141901,KWH,I_TAX,EUR,ES,2011-S2,0.0687,
ESTAT:NRG_PC_202(1.0),08/04/22 11:00:00,S,4100,4141901,KWH,I_TAX,EUR,ES,2012-S1,0.0811,
ESTAT:NRG_PC_202(1.0),08/04/22 11:00:00,S,4100,4141901,KWH,I_TAX,EUR,ES,2012-S2,0.1055,
ESTAT:NRG_PC_202(1.0),08/04/22 11:00:00,S,4100,4141901,KWH,I_TAX,EUR,ES,2013-S1,0.0900,
ESTAT:NRG_PC_202(1.0),08/04/22 11:00:00,S,4100,4141901,KWH,I_TAX,EUR,ES,2013-S2,0.1100,
ESTAT:NRG_PC_202(1.0),08/04/22 11:00:00,S,4100,4141901,KWH,I_TAX,EUR,ES,2014-S1,0.0954,
ESTAT:NRG_PC_202(1.0),08/04/22 11:00:00,S,4100,4141901,KWH,I_TAX,EUR,ES,2014-S2,0.1221,
ESTAT:NRG_PC_202(1.0),08/04/22 11:00:00,S,4100,4141901,KWH,I_TAX,EUR,ES,2015-S1,0.0923,
ESTAT:NRG_PC_202(1.0),08/04/22 11:00:00,S,4100,4141901,KWH,I_TAX,EUR,ES,2015-S2,0.1183,
ESTAT:NRG_PC_202(1.0),08/04/22 11:00:00,S,4100,4141901,KWH,I_TAX,EUR,ES,2016-S1,0.0861,
ESTAT:NRG_PC_202(1.0),08/04/22 11:00:00,S,4100,4141901,KWH,I_TAX,EUR,ES,2016-S2,0.1093,
ESTAT:NRG_PC_202(1.0),08/04/22 11:00:00,S,4100,4141901,KWH,I_TAX,EUR,ES,2017-S1,0.0841,
ESTAT:NRG_PC_202(1.0),08/04/22 11:00:00,S,4100,4141901,KWH,I_TAX,EUR,ES,2017-S2,0.1159,
ESTAT:NRG_PC_202(1.0),08/04/22 11:00:00,S,4100,4141901,KWH,I_TAX,EUR,ES,2018-S1,0.0876,
ESTAT:NRG_PC_202(1.0),08/04/22 11:00:00,S,4100,4141901,KWH,I_TAX,EUR,ES,2018-S2,0.1149,
ESTAT:NRG_PC_202(1.0),08/04/22 11:00:00,S,4100,4141901,KWH,I_TAX,EUR,ES,2019-S1,0.0944,
ESTAT:NRG_PC_202(1.0),08/04/22 11:00:00,S,4100,4141901,KWH,I_TAX,EUR,ES,2019-S2,0.1178,
ESTAT:NRG_PC_202(1.0),08/04/22 11:00:00,S,4100,4141901,KWH,I_TAX,EUR,ES,2020-S1,0.0929,
ESTAT:NRG_PC_202(1.0),08/04/22 11:00:00,S,4100,4141901,KWH,I_TAX,EUR,ES,2020-S2,0.1180,
ESTAT:NRG_PC_202(1.0),08/04/22 11:00:00,S,4100,4141901,KWH,I_TAX,EUR,ES,2021-S1,0.0913,
ESTAT:NRG_PC_202(1.0),08/04/22 11:00:00,S,4100,4141901,KWH,I_TAX,EUR,ES,2021-S2,0.1345,
ESTAT:NRG_PC_202(1.0),08/04/22 11:00:00,S,4100,4141901,KWH,I_TAX,EUR,EU27_2020,2007-S1,0.0796,
ESTAT:NRG_PC_202(1.0),08/04/22 11:00:00,S,4100,4141901,KWH,I_TAX,EUR,EU27_2020,2007-S2,0.0805,
ESTAT:NRG_PC_202(1.0),08/04/22 11:00:00,S,4100,4141901,KWH,I_TAX,EUR,EU27_2020,2008-S1,0.0807,
ESTAT:NRG_PC_202(1.0),08/04/22 11:00:00,S,4100,4141901,KWH,I_TAX,EUR,EU27_2020,2008-S2,0.0948,
ESTAT:NRG_PC_202(1.0),08/04/22 11:00:00,S,4100,4141901,KWH,I_TAX,EUR,EU27_2020,2009-S1,0.0864,
ESTAT:NRG_PC_202(1.0),08/04/22 11:00:00,S,4100,4141901,KWH,I_TAX,EUR,EU27_2020,2009-S2,0.0848,
ESTAT:NRG_PC_202(1.0),08/04/22 11:00:00,S,4100,4141901,KWH,I_TAX,EUR,EU27_2020,2010-S1,0.0807,
ESTAT:NRG_PC_202(1.0),08/04/22 11:00:00,S,4100,4141901,KWH,I_TAX,EUR,EU27_2020,2010-S2,0.0948,
ESTAT:NRG_PC_202(1.0),08/04/22 11:00:00,S,4100,4141901,KWH,I_TAX,EUR,EU27_2020,2011-S1,0.0880,
ESTAT:NRG_PC_202(1.0),08/04/22 11:00:00,S,4100,4141901,KWH,I_TAX,EUR,EU27_2020,2011-S2,0.1019,
ESTAT:NRG_PC_202(1.0),08/04/22 11:00:00,S,4100,4141901,KWH,I_TAX,EUR,EU27_2020,2012-S1,0.0925,
ESTAT:NRG_PC_202(1.0),08/04/22 11:00:00,S,4100,4141901,KWH,I_TAX,EUR,EU27_2020,2012-S2,0.1094,
ESTAT:NRG_PC_202(1.0),08/04/22 11:00:00,S,4100,4141901,KWH,I_TAX,EUR,EU27_2020,2013-S1,0.0978,
ESTAT:NRG_PC_202(1.0),08/04/22 11:00:00,S,4100,4141901,KWH,I_TAX,EUR,EU27_2020,2013-S2,0.1123,
ESTAT:NRG_PC_202(1.0),08/04/22 11:00:00,S,4100,4141901,KWH,I_TAX,EUR,EU27_2020,2014-S1,0.1007,
ESTAT:NRG_PC_202(1.0),08/04/22 11:00:00,S,4100,4141901,KWH,I_TAX,EUR,EU27_2020,2014-S2,0.1134,
ESTAT:NRG_PC_202(1.0),08/04/22 11:00:00,S,4100,4141901,KWH,I_TAX,EUR,EU27_2020,2015-S1,0.0976,
ESTAT:NRG_PC_202(1.0),08/04/22 11:00:00,S,4100,4141901,KWH,I_TAX,EUR,EU27_2020,2015-S2,0.1122,
ESTAT:NRG_PC_202(1.0),08/04/22 11:00:00,S,4100,4141901,KWH,I_TAX,EUR,EU27_2020,2016-S1,0.0965,
ESTAT:NRG_PC_202(1.0),08/04/22 11:00:00,S,4100,4141901,KWH,I_TAX,EUR,EU27_2020,2016-S2,0.1075,
ESTAT:NRG_PC_202(1.0),08/04/22 11:00:00,S,4100,4141901,KWH,I_TAX,EUR,EU27_2020,2017-S1,0.0940,
ESTAT:NRG_PC_202(1.0),08/04/22 11:00:00,S,4100,4141901,KWH,I_TAX,EUR,EU27_2020,2017-S2,0.1093,
ESTAT:NRG_PC_202(1.0),08/04/22 11:00:00,S,4100,4141901,KWH,I_TAX,EUR,EU27_2020,2018-S1,0.0961,
ESTAT:NRG_PC_202(1.0),08/04/22 11:00:00,S,4100,4141901,KWH,I_TAX,EUR,EU27_2020,2018-S2,0.1145,
ESTAT:NRG_PC_202(1.0),08/04/22 11:00:00,S,4100,4141901,KWH,I_TAX,EUR,EU27_2020,2019-S1,0.1017,
ESTAT:NRG_PC_202(1.0),08/04/22 11:00:00,S,4100,4141901,KWH,I_TAX,EUR,EU27_2020,2019-S2,0.1072,
ESTAT:NRG_PC_202(1.0),08/04/22 11:00:00,S,4100,4141901,KWH,I_TAX,EUR,EU27_2020,2020-S1,0.0921,
ESTAT:NRG_PC_202(1.0),08/04/22 11:00:00,S,4100,4141901,KWH,I_TAX,EUR,EU27_2020,2020-S2,0.1051,
ESTAT:NRG_PC_202(1.0),08/04/22 11:00:00,S,4100,4141901,KWH,I_TAX,EUR,EU27_2020,2021-S1,0.0885,
ESTAT:NRG_PC_202(1.0),08/04/22 11:00:00,S,4100,4141901,KWH,I_TAX,EUR,EU27_2020,2021-S2,0.1143,
ESTAT:NRG_PC_202(1.0),08/04/22 11:00:00,S,4100,4141901,KWH,I_TAX,EUR,FR,2007-S2,0.0940,
ESTAT:NRG_PC_202(1.0),08/04/22 11:00:00,S,4100,4141901,KWH,I_TAX,EUR,FR,2008-S1,0.0906,
ESTAT:NRG_PC_202(1.0),08/04/22 11:00:00,S,4100,4141901,KWH,I_TAX,EUR,FR,2008-S2,0.1124,
ESTAT:NRG_PC_202(1.0),08/04/22 11:00:00,S,4100,4141901,KWH,I_TAX,EUR,FR,2009-S1,0.0992,
ESTAT:NRG_PC_202(1.0),08/04/22 11:00:00,S,4100,4141901,KWH,I_TAX,EUR,FR,2009-S2,0.1148,
ESTAT:NRG_PC_202(1.0),08/04/22 11:00:00,S,4100,4141901,KWH,I_TAX,EUR,FR,2010-S1,0.0981,
ESTAT:NRG_PC_202(1.0),08/04/22 11:00:00,S,4100,4141901,KWH,I_TAX,EUR,FR,2010-S2,0.1154,
ESTAT:NRG_PC_202(1.0),08/04/22 11:00:00,S,4100,4141901,KWH,I_TAX,EUR,FR,2011-S1,0.1106,
ESTAT:NRG_PC_202(1.0),08/04/22 11:00:00,S,4100,4141901,KWH,I_TAX,EUR,FR,2011-S2,0.1303,
ESTAT:NRG_PC_202(1.0),08/04/22 11:00:00,S,4100,4141901,KWH,I_TAX,EUR,FR,2012-S1,0.1118,
ESTAT:NRG_PC_202(1.0),08/04/22 11:00:00,S,4100,4141901,KWH,I_TAX,EUR,FR,2012-S2,0.1342,
ESTAT:NRG_PC_202(1.0),08/04/22 11:00:00,S,4100,4141901,KWH,I_TAX,EUR,FR,2013-S1,0.1211,
ESTAT:NRG_PC_202(1.0),08/04/22 11:00:00,S,4100,4141901,KWH,I_TAX,EUR,FR,2013-S2,0.1442,
ESTAT:NRG_PC_202(1.0),08/04/22 11:00:00,S,4100,4141901,KWH,I_TAX,EUR,FR,2014-S1,0.1316,
ESTAT:NRG_PC_202(1.0),08/04/22 11:00:00,S,4100,4141901,KWH,I_TAX,EUR,FR,2014-S2,0.1512,
ESTAT:NRG_PC_202(1.0),08/04/22 11:00:00,S,4100,4141901,KWH,I_TAX,EUR,FR,2015-S1,0.1273,
ESTAT:NRG_PC_202(1.0),08/04/22 11:00:00,S,4100,4141901,KWH,I_TAX,EUR,FR,2015-S2,0.1487,
ESTAT:NRG_PC_202(1.0),08/04/22 11:00:00,S,4100,4141901,KWH,I_TAX,EUR,FR,2016-S1,0.1282,
ESTAT:NRG_PC_202(1.0),08/04/22 11:00:00,S,4100,4141901,KWH,I_TAX,EUR,FR,2016-S2,0.1468,
ESTAT:NRG_PC_202(1.0),08/04/22 11:00:00,S,4100,4141901,KWH,I_TAX,EUR,FR,2017-S1,0.1301,
ESTAT:NRG_PC_202(1.0),08/04/22 11:00:00,S,4100,4141901,KWH,I_TAX,EUR,FR,2017-S2,0.1486,
ESTAT:NRG_PC_202(1.0),08/04/22 11:00:00,S,4100,4141901,KWH,I_TAX,EUR,FR,2018-S1,0.1362,
ESTAT:NRG_PC_202(1.0),08/04/22 11:00:00,S,4100,4141901,KWH,I_TAX,EUR,FR,2018-S2,0.1630,
ESTAT:NRG_PC_202(1.0),08/04/22 11:00:00,S,4100,4141901,KWH,I_TAX,EUR,FR,2019-S1,0.1460,
ESTAT:NRG_PC_202(1.0),08/04/22 11:00:00,S,4100,4141901,KWH,I_TAX,EUR,FR,2019-S2,0.1403,
ESTAT:NRG_PC_202(1.0),08/04/22 11:00:00,S,4100,4141901,KWH,I_TAX,EUR,FR,2020-S1,0.1287,
ESTAT:NRG_PC_202(1.0),08/04/22 11:00:00,S,4100,4141901,KWH,I_TAX,EUR,FR,2020-S2,0.1322,
ESTAT:NRG_PC_202(1.0),08/04/22 11:00:00,S,4100,4141901,KWH,I_TAX,EUR,FR,2021-S1,0.1205,
ESTAT:NRG_PC_202(1.0),08/04/22 11:00:00,S,4100,4141901,KWH,I_TAX,EUR,FR,2021-S2,0.1410,
ESTAT:NRG_PC_202(1.0),08/04/22 11:00:00,S,4100,4141901,KWH,I_TAX,EUR,GE,2018-S1,0.0156,
ESTAT:NRG_PC_202(1.0),08/04/22 11:00:00,S,4100,4141901,KWH,I_TAX,EUR,GE,2018-S2,0.0157,
ESTAT:NRG_PC_202(1.0),08/04/22 11:00:00,S,4100,4141901,KWH,I_TAX,EUR,GE,2019-S1,0.0159,
ESTAT:NRG_PC_202(1.0),08/04/22 11:00:00,S,4100,4141901,KWH,I_TAX,EUR,GE,2019-S2,0.0149,
ESTAT:NRG_PC_202(1.0),08/04/22 11:00:00,S,4100,4141901,KWH,I_TAX,EUR,GE,2020-S1,0.0146,
ESTAT:NRG_PC_202(1.0),08/04/22 11:00:00,S,4100,4141901,KWH,I_TAX,EUR,GE,2020-S2,0.0126,
ESTAT:NRG_PC_202(1.0),08/04/22 11:00:00,S,4100,4141901,KWH,I_TAX,EUR,GE,2021-S1,0.0120,
ESTAT:NRG_PC_202(1.0),08/04/22 11:00:00,S,4100,4141901,KWH,I_TAX,EUR,GE,2021-S2,0.0139,
ESTAT:NRG_PC_202(1.0),08/04/22 11:00:00,S,4100,4141901,KWH,I_TAX,EUR,HR,2007-S1,0.0295,
ESTAT:NRG_PC_202(1.0),08/04/22 11:00:00,S,4100,4141901,KWH,I_TAX,EUR,HR,2007-S2,0.0274,
ESTAT:NRG_PC_202(1.0),08/04/22 11:00:00,S,4100,4141901,KWH,I_TAX,EUR,HR,2008-S1,0.0273,
ESTAT:NRG_PC_202(1.0),08/04/22 11:00:00,S,4100,4141901,KWH,I_TAX,EUR,HR,2008-S2,0.0277,
ESTAT:NRG_PC_202(1.0),08/04/22 11:00:00,S,4100,4141901,KWH,I_TAX,EUR,HR,2009-S1,0.0319,
ESTAT:NRG_PC_202(1.0),08/04/22 11:00:00,S,4100,4141901,KWH,I_TAX,EUR,HR,2009-S2,0.0328,
ESTAT:NRG_PC_202(1.0),08/04/22 11:00:00,S,4100,4141901,KWH,I_TAX,EUR,HR,2010-S1,0.0383,
ESTAT:NRG_PC_202(1.0),08/04/22 11:00:00,S,4100,4141901,KWH,I_TAX,EUR,HR,2010-S2,0.0380,
ESTAT:NRG_PC_202(1.0),08/04/22 11:00:00,S,4100,4141901,KWH,I_TAX,EUR,HR,2011-S1,0.0375,
ESTAT:NRG_PC_202(1.0),08/04/22 11:00:00,S,4100,4141901,KWH,I_TAX,EUR,HR,2011-S2,0.0372,
ESTAT:NRG_PC_202(1.0),08/04/22 11:00:00,S,4100,4141901,KWH,I_TAX,EUR,HR,2012-S1,0.0383,
ESTAT:NRG_PC_202(1.0),08/04/22 11:00:00,S,4100,4141901,KWH,I_TAX,EUR,HR,2012-S2,0.0458,
ESTAT:NRG_PC_202(1.0),08/04/22 11:00:00,S,4100,4141901,KWH,I_TAX,EUR,HR,2013-S1,0.0470,
ESTAT:NRG_PC_202(1.0),08/04/22 11:00:00,S,4100,4141901,KWH,I_TAX,EUR,HR,2013-S2,0.0473,
ESTAT:NRG_PC_202(1.0),08/04/22 11:00:00,S,4100,4141901,KWH,I_TAX,EUR,HR,2014-S1,0.0481,
ESTAT:NRG_PC_202(1.0),08/04/22 11:00:00,S,4100,4141901,KWH,I_TAX,EUR,HR,2014-S2,0.0537,
ESTAT:NRG_PC_202(1.0),08/04/22 11:00:00,S,4100,4141901,KWH,I_TAX,EUR,HR,2015-S1,0.0553,
ESTAT:NRG_PC_202(1.0),08/04/22 11:00:00,S,4100,4141901,KWH,I_TAX,EUR,HR,2015-S2,0.0550,
ESTAT:NRG_PC_202(1.0),08/04/22 11:00:00,S,4100,4141901,KWH,I_TAX,EUR,HR,2016-S1,0.0514,
ESTAT:NRG_PC_202(1.0),08/04/22 11:00:00,S,4100,4141901,KWH,I_TAX,EUR,HR,2016-S2,0.0458,
ESTAT:NRG_PC_202(1.0),08/04/22 11:00:00,S,4100,4141901,KWH,I_TAX,EUR,HR,2017-S1,0.0440,
ESTAT:NRG_PC_202(1.0),08/04/22 11:00:00,S,4100,4141901,KWH,I_TAX,EUR,HR,2017-S2,0.0461,
ESTAT:NRG_PC_202(1.0),08/04/22 11:00:00,S,4100,4141901,KWH,I_TAX,EUR,HR,2018-S1,0.0455,
ESTAT:NRG_PC_202(1.0),08/04/22 11:00:00,S,4100,4141901,KWH,I_TAX,EUR,HR,2018-S2,0.0459,
ESTAT:NRG_PC_202(1.0),08/04/22 11:00:00,S,4100,4141901,KWH,I_TAX,EUR,HR,2019-S1,0.0462,
ESTAT:NRG_PC_202(1.0),08/04/22 11:00:00,S,4100,4141901,KWH,I_TAX,EUR,HR,2019-S2,0.0504,
ESTAT:NRG_PC_202(1.0),08/04/22 11:00:00,S,4100,4141901,KWH,I_TAX,EUR,HR,2020-S1,0.0460,
ESTAT:NRG_PC_202(1.0),08/04/22 11:00:00,S,4100,4141901,KWH,I_TAX,EUR,HR,2020-S2,0.0475,
ESTAT:NRG_PC_202(1.0),08/04/22 11:00:00,S,4100,4141901,KWH,I_TAX,EUR,HR,2021-S1,0.0429,
ESTAT:NRG_PC_202(1.0),08/04/22 11:00:00,S,4100,4141901,KWH,I_TAX,EUR,HR,2021-S2,0.0438,
ESTAT:NRG_PC_202(1.0),08/04/22 11:00:00,S,4100,4141901,KWH,I_TAX,EUR,HU,2007-S2,0.0380,
ESTAT:NRG_PC_202(1.0),08/04/22 11:00:00,S,4100,4141901,KWH,I_TAX,EUR,HU,2008-S1,0.0412,
ESTAT:NRG_PC_202(1.0),08/04/22 11:00:00,S,4100,4141901,KWH,I_TAX,EUR,HU,2008-S2,0.0494,
ESTAT:NRG_PC_202(1.0),08/04/22 11:00:00,S,4100,4141901,KWH,I_TAX,EUR,HU,2009-S1,0.0484,
ESTAT:NRG_PC_202(1.0),08/04/22 11:00:00,S,4100,4141901,KWH,I_TAX,EUR,HU,2009-S2,0.0515,
ESTAT:NRG_PC_202(1.0),08/04/22 11:00:00,S,4100,4141901,KWH,I_TAX,EUR,HU,2010-S1,0.0571,
ESTAT:NRG_PC_202(1.0),08/04/22 11:00:00,S,4100,4141901,KWH,I_TAX,EUR,HU,2010-S2,0.0604,
ESTAT:NRG_PC_202(1.0),08/04/22 11:00:00,S,4100,4141901,KWH,I_TAX,EUR,HU,2011-S1,0.0599,
ESTAT:NRG_PC_202(1.0),08/04/22 11:00:00,S,4100,4141901,KWH,I_TAX,EUR,HU,2011-S2,0.0625,
ESTAT:NRG_PC_202(1.0),08/04/22 11:00:00,S,4100,4141901,KWH,I_TAX,EUR,HU,2012-S1,0.0506,
ESTAT:NRG_PC_202(1.0),08/04/22 11:00:00,S,4100,4141901,KWH,I_TAX,EUR,HU,2012-S2,0.0564,
ESTAT:NRG_PC_202(1.0),08/04/22 11:00:00,S,4100,4141901,KWH,I_TAX,EUR,HU,2013-S1,0.0468,
ESTAT:NRG_PC_202(1.0),08/04/22 11:00:00,S,4100,4141901,KWH,I_TAX,EUR,HU,2013-S2,0.0468,
ESTAT:NRG_PC_202(1.0),08/04/22 11:00:00,S,4100,4141901,KWH,I_TAX,EUR,HU,2014-S1,0.0400,
ESTAT:NRG_PC_202(1.0),08/04/22 11:00:00,S,4100,4141901,KWH,I_TAX,EUR,HU,2014-S2,0.0377,
ESTAT:NRG_PC_202(1.0),08/04/22 11:00:00,S,4100,4141901,KWH,I_TAX,EUR,HU,2015-S1,0.0381,
ESTAT:NRG_PC_202(1.0),08/04/22 11:00:00,S,4100,4141901,KWH,I_TAX,EUR,HU,2015-S2,0.0372,
ESTAT:NRG_PC_202(1.0),08/04/22 11:00:00,S,4100,4141901,KWH,I_TAX,EUR,HU,2016-S1,0.0354,
ESTAT:NRG_PC_202(1.0),08/04/22 11:00:00,S,4100,4141901,KWH,I_TAX,EUR,HU,2016-S2,0.0361,
ESTAT:NRG_PC_202(1.0),08/04/22 11:00:00,S,4100,4141901,KWH,I_TAX,EUR,HU,2017-S1,0.0365,
ESTAT:NRG_PC_202(1.0),08/04/22 11:00:00,S,4100,4141901,KWH,I_TAX,EUR,HU,2017-S2,0.0365,
ESTAT:NRG_PC_202(1.0),08/04/22 11:00:00,S,4100,4141901,KWH,I_TAX,EUR,HU,2018-S1,0.0358,
ESTAT:NRG_PC_202(1.0),08/04/22 11:00:00,S,4100,4141901,KWH,I_TAX,EUR,HU,2018-S2,0.0347,
ESTAT:NRG_PC_202(1.0),08/04/22 11:00:00,S,4100,4141901,KWH,I_TAX,EUR,HU,2019-S1,0.0346,
ESTAT:NRG_PC_202(1.0),08/04/22 11:00:00,S,4100,4141901,KWH,I_TAX,EUR,HU,2019-S2,0.0335,
ESTAT:NRG_PC_202(1.0),08/04/22 11:00:00,S,4100,4141901,KWH,I_TAX,EUR,HU,2020-S1,0.0319,
ESTAT:NRG_PC_202(1.0),08/04/22 11:00:00,S,4100,4141901,KWH,I_TAX,EUR,HU,2020-S2,0.0308,
ESTAT:NRG_PC_202(1.0),08/04/22 11:00:00,S,4100,4141901,KWH,I_TAX,EUR,HU,2021-S1,0.0306,
ESTAT:NRG_PC_202(1.0),08/04/22 11:00:00,S,4100,4141901,KWH,I_TAX,EUR,HU,2021-S2,0.0305,
ESTAT:NRG_PC_202(1.0),08/04/22 11:00:00,S,4100,4141901,KWH,I_TAX,EUR,IE,2007-S2,0.1085,
ESTAT:NRG_PC_202(1.0),08/04/22 11:00:00,S,4100,4141901,KWH,I_TAX,EUR,IE,2008-S1,0.0685,
ESTAT:NRG_PC_202(1.0),08/04/22 11:00:00,S,4100,4141901,KWH,I_TAX,EUR,IE,2008-S2,0.0709,
ESTAT:NRG_PC_202(1.0),08/04/22 11:00:00,S,4100,4141901,KWH,I_TAX,EUR,IE,2009-S1,0.0691,
ESTAT:NRG_PC_202(1.0),08/04/22 11:00:00,S,4100,4141901,KWH,I_TAX,EUR,IE,2009-S2,0.0632,
ESTAT:NRG_PC_202(1.0),08/04/22 11:00:00,S,4100,4141901,KWH,I_TAX,EUR,IE,2010-S1,0.0549,
ESTAT:NRG_PC_202(1.0),08/04/22 11:00:00,S,4100,4141901,KWH,I_TAX,EUR,IE,2010-S2,0.0600,
ESTAT:NRG_PC_202(1.0),08/04/22 11:00:00,S,4100,4141901,KWH,I_TAX,EUR,IE,2011-S1,0.0559,
ESTAT:NRG_PC_202(1.0),08/04/22 11:00:00,S,4100,4141901,KWH,I_TAX,EUR,IE,2011-S2,0.0719,
ESTAT:NRG_PC_202(1.0),08/04/22 11:00:00,S,4100,4141901,KWH,I_TAX,EUR,IE,2012-S1,0.0678,
ESTAT:NRG_PC_202(1.0),08/04/22 11:00:00,S,4100,4141901,KWH,I_TAX,EUR,IE,2012-S2,0.0772,
ESTAT:NRG_PC_202(1.0),08/04/22 11:00:00,S,4100,4141901,KWH,I_TAX,EUR,IE,2013-S1,0.0712,
ESTAT:NRG_PC_202(1.0),08/04/22 11:00:00,S,4100,4141901,KWH,I_TAX,EUR,IE,2013-S2,0.0891,
ESTAT:NRG_PC_202(1.0),08/04/22 11:00:00,S,4100,4141901,KWH,I_TAX,EUR,IE,2014-S1,0.0760,
ESTAT:NRG_PC_202(1.0),08/04/22 11:00:00,S,4100,4141901,KWH,I_TAX,EUR,IE,2014-S2,0.0900,
ESTAT:NRG_PC_202(1.0),08/04/22 11:00:00,S,4100,4141901,KWH,I_TAX,EUR,IE,2015-S1,0.0748,
ESTAT:NRG_PC_202(1.0),08/04/22 11:00:00,S,4100,4141901,KWH,I_TAX,EUR,IE,2015-S2,0.0886,
ESTAT:NRG_PC_202(1.0),08/04/22 11:00:00,S,4100,4141901,KWH,I_TAX,EUR,IE,2016-S1,0.0730,
ESTAT:NRG_PC_202(1.0),08/04/22 11:00:00,S,4100,4141901,KWH,I_TAX,EUR,IE,2016-S2,0.0829,
ESTAT:NRG_PC_202(1.0),08/04/22 11:00:00,S,4100,4141901,KWH,I_TAX,EUR,IE,2017-S1,0.0713,
ESTAT:NRG_PC_202(1.0),08/04/22 11:00:00,S,4100,4141901,KWH,I_TAX,EUR,IE,2017-S2,0.0805,
ESTAT:NRG_PC_202(1.0),08/04/22 11:00:00,S,4100,4141901,KWH,I_TAX,EUR,IE,2018-S1,0.0694,
ESTAT:NRG_PC_202(1.0),08/04/22 11:00:00,S,4100,4141901,KWH,I_TAX,EUR,IE,2018-S2,0.0941,
ESTAT:NRG_PC_202(1.0),08/04/22 11:00:00,S,4100,4141901,KWH,I_TAX,EUR,IE,2019-S1,0.0731,
ESTAT:NRG_PC_202(1.0),08/04/22 11:00:00,S,4100,4141901,KWH,I_TAX,EUR,IE,2019-S2,0.0910,
ESTAT:NRG_PC_202(1.0),08/04/22 11:00:00,S,4100,4141901,KWH,I_TAX,EUR,IE,2020-S1,0.0753,
ESTAT:NRG_PC_202(1.0),08/04/22 11:00:00,S,4100,4141901,KWH,I_TAX,EUR,IE,2020-S2,0.0841,
ESTAT:NRG_PC_202(1.0),08/04/22 11:00:00,S,4100,4141901,KWH,I_TAX,EUR,IE,2021-S1,0.0700,
ESTAT:NRG_PC_202(1.0),08/04/22 11:00:00,S,4100,4141901,KWH,I_TAX,EUR,IE,2021-S2,0.1000,
ESTAT:NRG_PC_202(1.0),08/04/22 11:00:00,S,4100,4141901,KWH,I_TAX,EUR,IT,2007-S1,0.0666,
ESTAT:NRG_PC_202(1.0),08/04/22 11:00:00,S,4100,4141901,KWH,I_TAX,EUR,IT,2007-S2,0.0684,
ESTAT:NRG_PC_202(1.0),08/04/22 11:00:00,S,4100,4141901,KWH,I_TAX,EUR,IT,2008-S1,0.0668,
ESTAT:NRG_PC_202(1.0),08/04/22 11:00:00,S,4100,4141901,KWH,I_TAX,EUR,IT,2008-S2,0.0854,
ESTAT:NRG_PC_202(1.0),08/04/22 11:00:00,S,4100,4141901,KWH,I_TAX,EUR,IT,2009-S1,0.0748,
ESTAT:NRG_PC_202(1.0),08/04/22 11:00:00,S,4100,4141901,KWH,I_TAX,EUR,IT,2009-S2,0.0652,
ESTAT:NRG_PC_202(1.0),08/04/22 11:00:00,S,4100,4141901,KWH,I_TAX,EUR,IT,2010-S1,0.0664,
ESTAT:NRG_PC_202(1.0),08/04/22 11:00:00,S,4100,4141901,KWH,I_TAX,EUR,IT,2010-S2,0.1001,
ESTAT:NRG_PC_202(1.0),08/04/22 11:00:00,S,4100,4141901,KWH,I_TAX,EUR,IT,2011-S1,0.0764,
ESTAT:NRG_PC_202(1.0),08/04/22 11:00:00,S,4100,4141901,KWH,I_TAX,EUR,IT,2011-S2,0.1093,
ESTAT:NRG_PC_202(1.0),08/04/22 11:00:00,S,4100,4141901,KWH,I_TAX,EUR,IT,2012-S1,0.0860,
ESTAT:NRG_PC_202(1.0),08/04/22 11:00:00,S,4100,4141901,KWH,I_TAX,EUR,IT,2012-S2,0.1251,
ESTAT:NRG_PC_202(1.0),08/04/22 11:00:00,S,4100,4141901,KWH,I_TAX,EUR,IT,2013-S1,0.0935,
ESTAT:NRG_PC_202(1.0),08/04/22 11:00:00,S,4100,4141901,KWH,I_TAX,EUR,IT,2013-S2,0.1224,
ESTAT:NRG_PC_202(1.0),08/04/22 11:00:00,S,4100,4141901,KWH,I_TAX,EUR,IT,2014-S1,0.0995,
ESTAT:NRG_PC_202(1.0),08/04/22 11:00:00,S,4100,4141901,KWH,I_TAX,EUR,IT,2014-S2,0.1370,
ESTAT:NRG_PC_202(1.0),08/04/22 11:00:00,S,4100,4141901,KWH,I_TAX,EUR,IT,2015-S1,0.0944,
ESTAT:NRG_PC_202(1.0),08/04/22 11:00:00,S,4100,4141901,KWH,I_TAX,EUR,IT,2015-S2,0.1310,
ESTAT:NRG_PC_202(1.0),08/04/22 11:00:00,S,4100,4141901,KWH,I_TAX,EUR,IT,2016-S1,0.0914,
ESTAT:NRG_PC_202(1.0),08/04/22 11:00:00,S,4100,4141901,KWH,I_TAX,EUR,IT,2016-S2,0.1260,p
ESTAT:NRG_PC_202(1.0),08/04/22 11:00:00,S,4100,4141901,KWH,I_TAX,EUR,IT,2017-S1,0.0857,
ESTAT:NRG_PC_202(1.0),08/04/22 11:00:00,S,4100,4141901,KWH,I_TAX,EUR,IT,2017-S2,0.1281,
ESTAT:NRG_PC_202(1.0),08/04/22 11:00:00,S,4100,4141901,KWH,I_TAX,EUR,IT,2018-S1,0.0890,
ESTAT:NRG_PC_202(1.0),08/04/22 11:00:00,S,4100,4141901,KWH,I_TAX,EUR,IT,2018-S2,0.1375,
ESTAT:NRG_PC_202(1.0),08/04/22 11:00:00,S,4100,4141901,KWH,I_TAX,EUR,IT,2019-S1,0.0933,
ESTAT:NRG_PC_202(1.0),08/04/22 11:00:00,S,4100,4141901,KWH,I_TAX,EUR,IT,2019-S2,0.1477,
ESTAT:NRG_PC_202(1.0),08/04/22 11:00:00,S,4100,4141901,KWH,I_TAX,EUR,IT,2020-S1,0.0940,
ESTAT:NRG_PC_202(1.0),08/04/22 11:00:00,S,4100,4141901,KWH,I_TAX,EUR,IT,2020-S2,0.1415,
ESTAT:NRG_PC_202(1.0),08/04/22 11:00:00,S,4100,4141901,KWH,I_TAX,EUR,IT,2021-S1,0.0906,
ESTAT:NRG_PC_202(1.0),08/04/22 11:00:00,S,4100,4141901,KWH,I_TAX,EUR,IT,2021-S2,0.1541,
ESTAT:NRG_PC_202(1.0),08/04/22 11:00:00,S,4100,4141901,KWH,I_TAX,EUR,LI,2014-S1,0.1323,
ESTAT:NRG_PC_202(1.0),08/04/22 11:00:00,S,4100,4141901,KWH,I_TAX,EUR,LI,2014-S2,0.1450,
ESTAT:NRG_PC_202(1.0),08/04/22 11:00:00,S,4100,4141901,KWH,I_TAX,EUR,LI,2015-S1,0.1670,
ESTAT:NRG_PC_202(1.0),08/04/22 11:00:00,S,4100,4141901,KWH,I_TAX,EUR,LI,2015-S2,0.1715,
ESTAT:NRG_PC_202(1.0),08/04/22 11:00:00,S,4100,4141901,KWH,I_TAX,EUR,LI,2016-S1,0.1773,
ESTAT:NRG_PC_202(1.0),08/04/22 11:00:00,S,4100,4141901,KWH,I_TAX,EUR,LI,2016-S2,0.1860,
ESTAT:NRG_PC_202(1.0),08/04/22 11:00:00,S,4100,4141901,KWH,I_TAX,EUR,LI,2017-S1,0.1683,
ESTAT:NRG_PC_202(1.0),08/04/22 11:00:00,S,4100,4141901,KWH,I_TAX,EUR,LI,2017-S2,0.2168,
ESTAT:NRG_PC_202(1.0),08/04/22 11:00:00,S,4100,4141901,KWH,I_TAX,EUR,LI,2018-S1,0.1272,
ESTAT:NRG_PC_202(1.0),08/04/22 11:00:00,S,4100,4141901,KWH,I_TAX,EUR,LI,2018-S2,0.2299,
ESTAT:NRG_PC_202(1.0),08/04/22 11:00:00,S,4100,4141901,KWH,I_TAX,EUR,LI,2019-S1,0.1451,
ESTAT:NRG_PC_202(1.0),08/04/22 11:00:00,S,4100,4141901,KWH,I_TAX,EUR,LI,2019-S2,0.1959,
ESTAT:NRG_PC_202(1.0),08/04/22 11:00:00,S,4100,4141901,KWH,I_TAX,EUR,LI,2020-S1,0.1825,
ESTAT:NRG_PC_202(1.0),08/04/22 11:00:00,S,4100,4141901,KWH,I_TAX,EUR,LI,2020-S2,0.1864,
ESTAT:NRG_PC_202(1.0),08/04/22 11:00:00,S,4100,4141901,KWH,I_TAX,EUR,LI,2021-S1,0.2253,
ESTAT:NRG_PC_202(1.0),08/04/22 11:00:00,S,4100,4141901,KWH,I_TAX,EUR,LI,2021-S2,0.1766,
ESTAT:NRG_PC_202(1.0),08/04/22 11:00:00,S,4100,4141901,KWH,I_TAX,EUR,LT,2007-S2,0.0360,
ESTAT:NRG_PC_202(1.0),08/04/22 11:00:00,S,4100,4141901,KWH,I_TAX,EUR,LT,2008-S1,0.0510,
ESTAT:NRG_PC_202(1.0),08/04/22 11:00:00,S,4100,4141901,KWH,I_TAX,EUR,LT,2008-S2,0.0546,
ESTAT:NRG_PC_202(1.0),08/04/22 11:00:00,S,4100,4141901,KWH,I_TAX,EUR,LT,2009-S1,0.0692,
ESTAT:NRG_PC_202(1.0),08/04/22 11:00:00,S,4100,4141901,KWH,I_TAX,EUR,LT,2009-S2,0.0619,
ESTAT:NRG_PC_202(1.0),08/04/22 11:00:00,S,4100,4141901,KWH,I_TAX,EUR,LT,2010-S1,0.0629,
ESTAT:NRG_PC_202(1.0),08/04/22 11:00:00,S,4100,4141901,KWH,I_TAX,EUR,LT,2010-S2,0.0689,
ESTAT:NRG_PC_202(1.0),08/04/22 11:00:00,S,4100,4141901,KWH,I_TAX,EUR,LT,2011-S1,0.0664,
ESTAT:NRG_PC_202(1.0),08/04/22 11:00:00,S,4100,4141901,KWH,I_TAX,EUR,LT,2011-S2,0.0748,
ESTAT:NRG_PC_202(1.0),08/04/22 11:00:00,S,4100,4141901,KWH,I_TAX,EUR,LT,2012-S1,0.0755,
ESTAT:NRG_PC_202(1.0),08/04/22 11:00:00,S,4100,4141901,KWH,I_TAX,EUR,LT,2012-S2,0.0868,
ESTAT:NRG_PC_202(1.0),08/04/22 11:00:00,S,4100,4141901,KWH,I_TAX,EUR,LT,2013-S1,0.0887,
ESTAT:NRG_PC_202(1.0),08/04/22 11:00:00,S,4100,4141901,KWH,I_TAX,EUR,LT,2013-S2,0.0844,
ESTAT:NRG_PC_202(1.0),08/04/22 11:00:00,S,4100,4141901,KWH,I_TAX,EUR,LT,2014-S1,0.0839,
ESTAT:NRG_PC_202(1.0),08/04/22 11:00:00,S,4100,4141901,KWH,I_TAX,EUR,LT,2014-S2,0.0755,
ESTAT:NRG_PC_202(1.0),08/04/22 11:00:00,S,4100,4141901,KWH,I_TAX,EUR,LT,2015-S1,0.0771,
ESTAT:NRG_PC_202(1.0),08/04/22 11:00:00,S,4100,4141901,KWH,I_TAX,EUR,LT,2015-S2,0.0746,
ESTAT:NRG_PC_202(1.0),08/04/22 11:00:00,S,4100,4141901,KWH,I_TAX,EUR,LT,2016-S1,0.0747,
ESTAT:NRG_PC_202(1.0),08/04/22 11:00:00,S,4100,4141901,KWH,I_TAX,EUR,LT,2016-S2,0.0680,
ESTAT:NRG_PC_202(1.0),08/04/22 11:00:00,S,4100,4141901,KWH,I_TAX,EUR,LT,2017-S1,0.0670,
ESTAT:NRG_PC_202(1.0),08/04/22 11:00:00,S,4100,4141901,KWH,I_TAX,EUR,LT,2017-S2,0.0713,
ESTAT:NRG_PC_202(1.0),08/04/22 11:00:00,S,4100,4141901,KWH,I_TAX,EUR,LT,2018-S1,0.0631,
ESTAT:NRG_PC_202(1.0),08/04/22 11:00:00,S,4100,4141901,KWH,I_TAX,EUR,LT,2018-S2,0.0668,
ESTAT:NRG_PC_202(1.0),08/04/22 11:00:00,S,4100,4141901,KWH,I_TAX,EUR,LT,2019-S1,0.0737,
ESTAT:NRG_PC_202(1.0),08/04/22 11:00:00,S,4100,4141901,KWH,I_TAX,EUR,LT,2019-S2,0.0637,
ESTAT:NRG_PC_202(1.0),08/04/22 11:00:00,S,4100,4141901,KWH,I_TAX,EUR,LT,2020-S1,0.0516,
ESTAT:NRG_PC_202(1.0),08/04/22 11:00:00,S,4100,4141901,KWH,I_TAX,EUR,LT,2020-S2,0.0417,
ESTAT:NRG_PC_202(1.0),08/04/22 11:00:00,S,4100,4141901,KWH,I_TAX,EUR,LT,2021-S1,0.0570,
ESTAT:NRG_PC_202(1.0),08/04/22 11:00:00,S,4100,4141901,KWH,I_TAX,EUR,LT,2021-S2,0.0690,
ESTAT:NRG_PC_202(1.0),08/04/22 11:00:00,S,4100,4141901,KWH,I_TAX,EUR,LU,2007-S2,0.0531,
ESTAT:NRG_PC_202(1.0),08/04/22 11:00:00,S,4100,4141901,KWH,I_TAX,EUR,LU,2008-S1,0.0500,
ESTAT:NRG_PC_202(1.0),08/04/22 11:00:00,S,4100,4141901,KWH,I_TAX,EUR,LU,2008-S2,0.0661,
ESTAT:NRG_PC_202(1.0),08/04/22 11:00:00,S,4100,4141901,KWH,I_TAX,EUR,LU,2009-S1,0.0749,
ESTAT:NRG_PC_202(1.0),08/04/22 11:00:00,S,4100,4141901,KWH,I_TAX,EUR,LU,2009-S2,0.0734,
ESTAT:NRG_PC_202(1.0),08/04/22 11:00:00,S,4100,4141901,KWH,I_TAX,EUR,LU,2010-S1,0.0505,
ESTAT:NRG_PC_202(1.0),08/04/22 11:00:00,S,4100,4141901,KWH,I_TAX,EUR,LU,2010-S2,0.0553,
ESTAT:NRG_PC_202(1.0),08/04/22 11:00:00,S,4100,4141901,KWH,I_TAX,EUR,LU,2011-S1,0.0676,
ESTAT:NRG_PC_202(1.0),08/04/22 11:00:00,S,4100,4141901,KWH,I_TAX,EUR,LU,2011-S2,0.0724,
ESTAT:NRG_PC_202(1.0),08/04/22 11:00:00,S,4100,4141901,KWH,I_TAX,EUR,LU,2012-S1,0.0586,
ESTAT:NRG_PC_202(1.0),08/04/22 11:00:00,S,4100,4141901,KWH,I_TAX,EUR,LU,2012-S2,0.0710,
ESTAT:NRG_PC_202(1.0),08/04/22 11:00:00,S,4100,4141901,KWH,I_TAX,EUR,LU,2013-S1,0.0811,
ESTAT:NRG_PC_202(1.0),08/04/22 11:00:00,S,4100,4141901,KWH,I_TAX,EUR,LU,2013-S2,0.0652,
ESTAT:NRG_PC_202(1.0),08/04/22 11:00:00,S,4100,4141901,KWH,I_TAX,EUR,LU,2014-S1,0.0692,
ESTAT:NRG_PC_202(1.0),08/04/22 11:00:00,S,4100,4141901,KWH,I_TAX,EUR,LU,2014-S2,0.0636,
ESTAT:NRG_PC_202(1.0),08/04/22 11:00:00,S,4100,4141901,KWH,I_TAX,EUR,LU,2015-S1,0.0593,
ESTAT:NRG_PC_202(1.0),08/04/22 11:00:00,S,4100,4141901,KWH,I_TAX,EUR,LU,2015-S2,0.0599,
ESTAT:NRG_PC_202(1.0),08/04/22 11:00:00,S,4100,4141901,KWH,I_TAX,EUR,LU,2016-S1,0.0526,
ESTAT:NRG_PC_202(1.0),08/04/22 11:00:00,S,4100,4141901,KWH,I_TAX,EUR,LU,2016-S2,0.0492,
ESTAT:NRG_PC_202(1.0),08/04/22 11:00:00,S,4100,4141901,KWH,I_TAX,EUR,LU,2017-S1,0.0446,
ESTAT:NRG_PC_202(1.0),08/04/22 11:00:00,S,4100,4141901,KWH,I_TAX,EUR,LU,2017-S2,0.0423,
ESTAT:NRG_PC_202(1.0),08/04/22 11:00:00,S,4100,4141901,KWH,I_TAX,EUR,LU,2018-S1,0.0429,
ESTAT:NRG_PC_202(1.0),08/04/22 11:00:00,S,4100,4141901,KWH,I_TAX,EUR,LU,2018-S2,0.0447,
ESTAT:NRG_PC_202(1.0),08/04/22 11:00:00,S,4100,4141901,KWH,I_TAX,EUR,LU,2019-S1,0.0472,
ESTAT:NRG_PC_202(1.0),08/04/22 11:00:00,S,4100,4141901,KWH,I_TAX,EUR,LU,2019-S2,0.0442,
ESTAT:NRG_PC_202(1.0),08/04/22 11:00:00,S,4100,4141901,KWH,I_TAX,EUR,LU,2020-S1,0.0446,
ESTAT:NRG_PC_202(1.0),08/04/22 11:00:00,S,4100,4141901,KWH,I_TAX,EUR,LU,2020-S2,0.0394,
ESTAT:NRG_PC_202(1.0),08/04/22 11:00:00,S,4100,4141901,KWH,I_TAX,EUR,LU,2021-S1,0.0446,
ESTAT:NRG_PC_202(1.0),08/04/22 11:00:00,S,4100,4141901,KWH,I_TAX,EUR,LU,2021-S2,0.0615,
ESTAT:NRG_PC_202(1.0),08/04/22 11:00:00,S,4100,4141901,KWH,I_TAX,EUR,LV,2007-S2,0.0332,
ESTAT:NRG_PC_202(1.0),08/04/22 11:00:00,S,4100,4141901,KWH,I_TAX,EUR,LV,2008-S1,0.0332,
ESTAT:NRG_PC_202(1.0),08/04/22 11:00:00,S,4100,4141901,KWH,I_TAX,EUR,LV,2008-S2,0.0696,
ESTAT:NRG_PC_202(1.0),08/04/22 11:00:00,S,4100,4141901,KWH,I_TAX,EUR,LV,2009-S1,0.0801,
ESTAT:NRG_PC_202(1.0),08/04/22 11:00:00,S,4100,4141901,KWH,I_TAX,EUR,LV,2009-S2,0.0654,
ESTAT:NRG_PC_202(1.0),08/04/22 11:00:00,S,4100,4141901,KWH,I_TAX,EUR,LV,2010-S1,0.0554,
ESTAT:NRG_PC_202(1.0),08/04/22 11:00:00,S,4100,4141901,KWH,I_TAX,EUR,LV,2010-S2,0.0663,
ESTAT:NRG_PC_202(1.0),08/04/22 11:00:00,S,4100,4141901,KWH,I_TAX,EUR,LV,2011-S1,0.0633,
ESTAT:NRG_PC_202(1.0),08/04/22 11:00:00,S,4100,4141901,KWH,I_TAX,EUR,LV,2011-S2,0.0733,
ESTAT:NRG_PC_202(1.0),08/04/22 11:00:00,S,4100,4141901,KWH,I_TAX,EUR,LV,2012-S1,0.0787,
ESTAT:NRG_PC_202(1.0),08/04/22 11:00:00,S,4100,4141901,KWH,I_TAX,EUR,LV,2012-S2,0.0836,
ESTAT:NRG_PC_202(1.0),08/04/22 11:00:00,S,4100,4141901,KWH,I_TAX,EUR,LV,2013-S1,0.0773,
ESTAT:NRG_PC_202(1.0),08/04/22 11:00:00,S,4100,4141901,KWH,I_TAX,EUR,LV,2013-S2,0.0762,
ESTAT:NRG_PC_202(1.0),08/04/22 11:00:00,S,4100,4141901,KWH,I_TAX,EUR,LV,2014-S1,0.0756,
ESTAT:NRG_PC_202(1.0),08/04/22 11:00:00,S,4100,4141901,KWH,I_TAX,EUR,LV,2014-S2,0.0744,
ESTAT:NRG_PC_202(1.0),08/04/22 11:00:00,S,4100,4141901,KWH,I_TAX,EUR,LV,2015-S1,0.0759,
ESTAT:NRG_PC_202(1.0),08/04/22 11:00:00,S,4100,4141901,KWH,I_TAX,EUR,LV,2015-S2,0.0747,
ESTAT:NRG_PC_202(1.0),08/04/22 11:00:00,S,4100,4141901,KWH,I_TAX,EUR,LV,2016-S1,0.0698,
ESTAT:NRG_PC_202(1.0),08/04/22 11:00:00,S,4100,4141901,KWH,I_TAX,EUR,LV,2016-S2,0.0653,
ESTAT:NRG_PC_202(1.0),08/04/22 11:00:00,S,4100,4141901,KWH,I_TAX,EUR,LV,2017-S1,0.0629,
ESTAT:NRG_PC_202(1.0),08/04/22 11:00:00,S,4100,4141901,KWH,I_TAX,EUR,LV,2017-S2,0.0647,
ESTAT:NRG_PC_202(1.0),08/04/22 11:00:00,S,4100,4141901,KWH,I_TAX,EUR,LV,2018-S1,0.0633,
ESTAT:NRG_PC_202(1.0),08/04/22 11:00:00,S,4100,4141901,KWH,I_TAX,EUR,LV,2018-S2,0.0705,
ESTAT:NRG_PC_202(1.0),08/04/22 11:00:00,S,4100,4141901,KWH,I_TAX,EUR,LV,2019-S1,0.0984,
ESTAT:NRG_PC_202(1.0),08/04/22 11:00:00,S,4100,4141901,KWH,I_TAX,EUR,LV,2019-S2,0.0993,
ESTAT:NRG_PC_202(1.0),08/04/22 11:00:00,S,4100,4141901,KWH,I_TAX,EUR,LV,2020-S1,0.0890,
ESTAT:NRG_PC_202(1.0),08/04/22 11:00:00,S,4100,4141901,KWH,I_TAX,EUR,LV,2020-S2,0.0977,
ESTAT:NRG_PC_202(1.0),08/04/22 11:00:00,S,4100,4141901,KWH,I_TAX,EUR,LV,2021-S1,0.0843,
ESTAT:NRG_PC_202(1.0),08/04/22 11:00:00,S,4100,4141901,KWH,I_TAX,EUR,LV,2021-S2,0.1467,
ESTAT:NRG_PC_202(1.0),08/04/22 11:00:00,S,4100,4141901,KWH,I_TAX,EUR,MD,2015-S1,0.0314,
ESTAT:NRG_PC_202(1.0),08/04/22 11:00:00,S,4100,4141901,KWH,I_TAX,EUR,MD,2015-S2,0.0310,
ESTAT:NRG_PC_202(1.0),08/04/22 11:00:00,S,4100,4141901,KWH,I_TAX,EUR,MD,2016-S1,0.0284,
ESTAT:NRG_PC_202(1.0),08/04/22 11:00:00,S,4100,4141901,KWH,I_TAX,EUR,MD,2016-S2,0.0283,
ESTAT:NRG_PC_202(1.0),08/04/22 11:00:00,S,4100,4141901,KWH,I_TAX,EUR,MD,2017-S1,0.0296,
ESTAT:NRG_PC_202(1.0),08/04/22 11:00:00,S,4100,4141901,KWH,I_TAX,EUR,MD,2017-S2,0.0298,
ESTAT:NRG_PC_202(1.0),08/04/22 11:00:00,S,4100,4141901,KWH,I_TAX,EUR,MD,2018-S1,0.0244,
ESTAT:NRG_PC_202(1.0),08/04/22 11:00:00,S,4100,4141901,KWH,I_TAX,EUR,MD,2018-S2,0.0278,
ESTAT:NRG_PC_202(1.0),08/04/22 11:00:00,S,4100,4141901,KWH,I_TAX,EUR,MD,2019-S1,0.0286,
ESTAT:NRG_PC_202(1.0),08/04/22 11:00:00,S,4100,4141901,KWH,I_TAX,EUR,MD,2019-S2,0.0290,
ESTAT:NRG_PC_202(1.0),08/04/22 11:00:00,S,4100,4141901,KWH,I_TAX,EUR,MD,2020-S1,0.0291,
ESTAT:NRG_PC_202(1.0),08/04/22 11:00:00,S,4100,4141901,KWH,I_TAX,EUR,MD,2020-S2,0.0283,
ESTAT:NRG_PC_202(1.0),08/04/22 11:00:00,S,4100,4141901,KWH,I_TAX,EUR,MD,2021-S1,0.0243,
ESTAT:NRG_PC_202(1.0),08/04/22 11:00:00,S,4100,4141901,KWH,I_TAX,EUR,MD,2021-S2,0.0353,
ESTAT:NRG_PC_202(1.0),08/04/22 11:00:00,S,4100,4141901,KWH,I_TAX,EUR,MK,2017-S1,0.0482,
ESTAT:NRG_PC_202(1.0),08/04/22 11:00:00,S,4100,4141901,KWH,I_TAX,EUR,MK,2017-S2,0.0516,
ESTAT:NRG_PC_202(1.0),08/04/22 11:00:00,S,4100,4141901,KWH,I_TAX,EUR,MK,2018-S1,0.0407,
ESTAT:NRG_PC_202(1.0),08/04/22 11:00:00,S,4100,4141901,KWH,I_TAX,EUR,MK,2018-S2,0.0551,
ESTAT:NRG_PC_202(1.0),08/04/22 11:00:00,S,4100,4141901,KWH,I_TAX,EUR,MK,2019-S1,0.0592,
ESTAT:NRG_PC_202(1.0),08/04/22 11:00:00,S,4100,4141901,KWH,I_TAX,EUR,MK,2019-S2,0.0590,
ESTAT:NRG_PC_202(1.0),08/04/22 11:00:00,S,4100,4141901,KWH,I_TAX,EUR,MK,2020-S1,0.0555,
ESTAT:NRG_PC_202(1.0),08/04/22 11:00:00,S,4100,4141901,KWH,I_TAX,EUR,MK,2020-S2,0.0464,
ESTAT:NRG_PC_202(1.0),08/04/22 11:00:00,S,4100,4141901,KWH,I_TAX,EUR,MK,2021-S1,0.0497,
ESTAT:NRG_PC_202(1.0),08/04/22 11:00:00,S,4100,4141901,KWH,I_TAX,EUR,MK,2021-S2,0.0579,
ESTAT:NRG_PC_202(1.0),08/04/22 11:00:00,S,4100,4141901,KWH,I_TAX,EUR,NL,2007-S1,0.1106,
ESTAT:NRG_PC_202(1.0),08/04/22 11:00:00,S,4100,4141901,KWH,I_TAX,EUR,NL,2007-S2,0.1079,
ESTAT:NRG_PC_202(1.0),08/04/22 11:00:00,S,4100,4141901,KWH,I_TAX,EUR,NL,2008-S1,0.1030,
ESTAT:NRG_PC_202(1.0),08/04/22 11:00:00,S,4100,4141901,KWH,I_TAX,EUR,NL,2008-S2,0.1122,
ESTAT:NRG_PC_202(1.0),08/04/22 11:00:00,S,4100,4141901,KWH,I_TAX,EUR,NL,2009-S1,0.1082,
ESTAT:NRG_PC_202(1.0),08/04/22 11:00:00,S,4100,4141901,KWH,I_TAX,EUR,NL,2009-S2,0.1055,
ESTAT:NRG_PC_202(1.0),08/04/22 11:00:00,S,4100,4141901,KWH,I_TAX,EUR,NL,2010-S1,0.0965,
ESTAT:NRG_PC_202(1.0),08/04/22 11:00:00,S,4100,4141901,KWH,I_TAX,EUR,NL,2010-S2,0.1086,
ESTAT:NRG_PC_202(1.0),08/04/22 11:00:00,S,4100,4141901,KWH,I_TAX,EUR,NL,2011-S1,0.0978,
ESTAT:NRG_PC_202(1.0),08/04/22 11:00:00,S,4100,4141901,KWH,I_TAX,EUR,NL,2011-S2,0.1198,
ESTAT:NRG_PC_202(1.0),08/04/22 11:00:00,S,4100,4141901,KWH,I_TAX,EUR,NL,2012-S1,0.1024,
ESTAT:NRG_PC_202(1.0),08/04/22 11:00:00,S,4100,4141901,KWH,I_TAX,EUR,NL,2012-S2,0.1264,
ESTAT:NRG_PC_202(1.0),08/04/22 11:00:00,S,4100,4141901,KWH,I_TAX,EUR,NL,2013-S1,0.1059,
ESTAT:NRG_PC_202(1.0),08/04/22 11:00:00,S,4100,4141901,KWH,I_TAX,EUR,NL,2013-S2,0.1371,
ESTAT:NRG_PC_202(1.0),08/04/22 11:00:00,S,4100,4141901,KWH,I_TAX,EUR,NL,2014-S1,0.1137,
ESTAT:NRG_PC_202(1.0),08/04/22 11:00:00,S,4100,4141901,KWH,I_TAX,EUR,NL,2014-S2,0.1277,
ESTAT:NRG_PC_202(1.0),08/04/22 11:00:00,S,4100,4141901,KWH,I_TAX,EUR,NL,2015-S1,0.1062,
ESTAT:NRG_PC_202(1.0),08/04/22 11:00:00,S,4100,4141901,KWH,I_TAX,EUR,NL,2015-S2,0.1342,
ESTAT:NRG_PC_202(1.0),08/04/22 11:00:00,S,4100,4141901,KWH,I_TAX,EUR,NL,2016-S1,0.1087,
ESTAT:NRG_PC_202(1.0),08/04/22 11:00:00,S,4100,4141901,KWH,I_TAX,EUR,NL,2016-S2,0.1307,
ESTAT:NRG_PC_202(1.0),08/04/22 11:00:00,S,4100,4141901,KWH,I_TAX,EUR,NL,2017-S1,0.1138,
ESTAT:NRG_PC_202(1.0),08/04/22 11:00:00,S,4100,4141901,KWH,I_TAX,EUR,NL,2017-S2,0.1358,
ESTAT:NRG_PC_202(1.0),08/04/22 11:00:00,S,4100,4141901,KWH,I_TAX,EUR,NL,2018-S1,0.1182,
ESTAT:NRG_PC_202(1.0),08/04/22 11:00:00,S,4100,4141901,KWH,I_TAX,EUR,NL,2018-S2,0.1444,
ESTAT:NRG_PC_202(1.0),08/04/22 11:00:00,S,4100,4141901,KWH,I_TAX,EUR,NL,2019-S1,0.1291,
ESTAT:NRG_PC_202(1.0),08/04/22 11:00:00,S,4100,4141901,KWH,I_TAX,EUR,NL,2019-S2,0.1519,
ESTAT:NRG_PC_202(1.0),08/04/22 11:00:00,S,4100,4141901,KWH,I_TAX,EUR,NL,2020-S1,0.1403,
ESTAT:NRG_PC_202(1.0),08/04/22 11:00:00,S,4100,4141901,KWH,I_TAX,EUR,NL,2020-S2,0.1602,
ESTAT:NRG_PC_202(1.0),08/04/22 11:00:00,S,4100,4141901,KWH,I_TAX,EUR,NL,2021-S1,0.1348,
ESTAT:NRG_PC_202(1.0),08/04/22 11:00:00,S,4100,4141901,KWH,I_TAX,EUR,NL,2021-S2,0.1698,
ESTAT:NRG_PC_202(1.0),08/04/22 11:00:00,S,4100,4141901,KWH,I_TAX,EUR,PL,2007-S2,0.0516,
ESTAT:NRG_PC_202(1.0),08/04/22 11:00:00,S,4100,4141901,KWH,I_TAX,EUR,PL,2008-S1,0.0554,
ESTAT:NRG_PC_202(1.0),08/04/22 11:00:00,S,4100,4141901,KWH,I_TAX,EUR,PL,2008-S2,0.0648,
ESTAT:NRG_PC_202(1.0),08/04/22 11:00:00,S,4100,4141901,KWH,I_TAX,EUR,PL,2009-S1,0.0519,
ESTAT:NRG_PC_202(1.0),08/04/22 11:00:00,S,4100,4141901,KWH,I_TAX,EUR,PL,2009-S2,0.0553,
ESTAT:NRG_PC_202(1.0),08/04/22 11:00:00,S,4100,4141901,KWH,I_TAX,EUR,PL,2010-S1,0.0569,
ESTAT:NRG_PC_202(1.0),08/04/22 11:00:00,S,4100,4141901,KWH,I_TAX,EUR,PL,2010-S2,0.0598,
ESTAT:NRG_PC_202(1.0),08/04/22 11:00:00,S,4100,4141901,KWH,I_TAX,EUR,PL,2011-S1,0.0622,
ESTAT:NRG_PC_202(1.0),08/04/22 11:00:00,S,4100,4141901,KWH,I_TAX,EUR,PL,2011-S2,0.0590,
ESTAT:NRG_PC_202(1.0),08/04/22 11:00:00,S,4100,4141901,KWH,I_TAX,EUR,PL,2012-S1,0.0596,
ESTAT:NRG_PC_202(1.0),08/04/22 11:00:00,S,4100,4141901,KWH,I_TAX,EUR,PL,2012-S2,0.0705,
ESTAT:NRG_PC_202(1.0),08/04/22 11:00:00,S,4100,4141901,KWH,I_TAX,EUR,PL,2013-S1,0.0666,
ESTAT:NRG_PC_202(1.0),08/04/22 11:00:00,S,4100,4141901,KWH,I_TAX,EUR,PL,2013-S2,0.0589,
ESTAT:NRG_PC_202(1.0),08/04/22 11:00:00,S,4100,4141901,KWH,I_TAX,EUR,PL,2014-S1,0.0625,
ESTAT:NRG_PC_202(1.0),08/04/22 11:00:00,S,4100,4141901,KWH,I_TAX,EUR,PL,2014-S2,0.0647,
ESTAT:NRG_PC_202(1.0),08/04/22 11:00:00,S,4100,4141901,KWH,I_TAX,EUR,PL,2015-S1,0.0648,
ESTAT:NRG_PC_202(1.0),08/04/22 11:00:00,S,4100,4141901,KWH,I_TAX,EUR,PL,2015-S2,0.0599,
ESTAT:NRG_PC_202(1.0),08/04/22 11:00:00,S,4100,4141901,KWH,I_TAX,EUR,PL,2016-S1,0.0568,
ESTAT:NRG_PC_202(1.0),08/04/22 11:00:00,S,4100,4141901,KWH,I_TAX,EUR,PL,2016-S2,0.0527,
ESTAT:NRG_PC_202(1.0),08/04/22 11:00:00,S,4100,4141901,KWH,I_TAX,EUR,PL,2017-S1,0.0536,
ESTAT:NRG_PC_202(1.0),08/04/22 11:00:00,S,4100,4141901,KWH,I_TAX,EUR,PL,2017-S2,0.0520,
ESTAT:NRG_PC_202(1.0),08/04/22 11:00:00,S,4100,4141901,KWH,I_TAX,EUR,PL,2018-S1,0.0540,
ESTAT:NRG_PC_202(1.0),08/04/22 11:00:00,S,4100,4141901,KWH,I_TAX,EUR,PL,2018-S2,0.0527,
ESTAT:NRG_PC_202(1.0),08/04/22 11:00:00,S,4100,4141901,KWH,I_TAX,EUR,PL,2019-S1,0.0531,
ESTAT:NRG_PC_202(1.0),08/04/22 11:00:00,S,4100,4141901,KWH,I_TAX,EUR,PL,2019-S2,0.0530,
ESTAT:NRG_PC_202(1.0),08/04/22 11:00:00,S,4100,4141901,KWH,I_TAX,EUR,PL,2020-S1,0.0495,
ESTAT:NRG_PC_202(1.0),08/04/22 11:00:00,S,4100,4141901,KWH,I_TAX,EUR,PL,2020-S2,0.0469,
ESTAT:NRG_PC_202(1.0),08/04/22 11:00:00,S,4100,4141901,KWH,I_TAX,EUR,PL,2021-S1,0.0432,
ESTAT:NRG_PC_202(1.0),08/04/22 11:00:00,S,4100,4141901,KWH,I_TAX,EUR,PL,2021-S2,0.0494,
ESTAT:NRG_PC_202(1.0),08/04/22 11:00:00,S,4100,4141901,KWH,I_TAX,EUR,PT,2007-S2,0.0833,
ESTAT:NRG_PC_202(1.0),08/04/22 11:00:00,S,4100,4141901,KWH,I_TAX,EUR,PT,2008-S1,0.0811,
ESTAT:NRG_PC_202(1.0),08/04/22 11:00:00,S,4100,4141901,KWH,I_TAX,EUR,PT,2008-S2,0.0809,
ESTAT:NRG_PC_202(1.0),08/04/22 11:00:00,S,4100,4141901,KWH,I_TAX,EUR,PT,2009-S1,0.0789,
ESTAT:NRG_PC_202(1.0),08/04/22 11:00:00,S,4100,4141901,KWH,I_TAX,EUR,PT,2009-S2,0.0776,
ESTAT:NRG_PC_202(1.0),08/04/22 11:00:00,S,4100,4141901,KWH,I_TAX,EUR,PT,2010-S1,0.0738,
ESTAT:NRG_PC_202(1.0),08/04/22 11:00:00,S,4100,4141901,KWH,I_TAX,EUR,PT,2010-S2,0.0825,
ESTAT:NRG_PC_202(1.0),08/04/22 11:00:00,S,4100,4141901,KWH,I_TAX,EUR,PT,2011-S1,0.0787,
ESTAT:NRG_PC_202(1.0),08/04/22 11:00:00,S,4100,4141901,KWH,I_TAX,EUR,PT,2011-S2,0.0934,
ESTAT:NRG_PC_202(1.0),08/04/22 11:00:00,S,4100,4141901,KWH,I_TAX,EUR,PT,2012-S1,0.0955,
ESTAT:NRG_PC_202(1.0),08/04/22 11:00:00,S,4100,4141901,KWH,I_TAX,EUR,PT,2012-S2,0.1080,
ESTAT:NRG_PC_202(1.0),08/04/22 11:00:00,S,4100,4141901,KWH,I_TAX,EUR,PT,2013-S1,0.1056,
ESTAT:NRG_PC_202(1.0),08/04/22 11:00:00,S,4100,4141901,KWH,I_TAX,EUR,PT,2013-S2,0.1162,
ESTAT:NRG_PC_202(1.0),08/04/22 11:00:00,S,4100,4141901,KWH,I_TAX,EUR,PT,2014-S1,0.1140,
ESTAT:NRG_PC_202(1.0),08/04/22 11:00:00,S,4100,4141901,KWH,I_TAX,EUR,PT,2014-S2,0.1256,
ESTAT:NRG_PC_202(1.0),08/04/22 11:00:00,S,4100,4141901,KWH,I_TAX,EUR,PT,2015-S1,0.1184,
ESTAT:NRG_PC_202(1.0),08/04/22 11:00:00,S,4100,4141901,KWH,I_TAX,EUR,PT,2015-S2,0.1180,
ESTAT:NRG_PC_202(1.0),08/04/22 11:00:00,S,4100,4141901,KWH,I_TAX,EUR,PT,2016-S1,0.1101,
ESTAT:NRG_PC_202(1.0),08/04/22 11:00:00,S,4100,4141901,KWH,I_TAX,EUR,PT,2016-S2,0.1009,
ESTAT:NRG_PC_202(1.0),08/04/22 11:00:00,S,4100,4141901,KWH,I_TAX,EUR,PT,2017-S1,0.0947,
ESTAT:NRG_PC_202(1.0),08/04/22 11:00:00,S,4100,4141901,KWH,I_TAX,EUR,PT,2017-S2,0.0985,
ESTAT:NRG_PC_202(1.0),08/04/22 11:00:00,S,4100,4141901,KWH,I_TAX,EUR,PT,2018-S1,0.0927,
ESTAT:NRG_PC_202(1.0),08/04/22 11:00:00,S,4100,4141901,KWH,I_TAX,EUR,PT,2018-S2,0.0975,
ESTAT:NRG_PC_202(1.0),08/04/22 11:00:00,S,4100,4141901,KWH,I_TAX,EUR,PT,2019-S1,0.0930,
ESTAT:NRG_PC_202(1.0),08/04/22 11:00:00,S,4100,4141901,KWH,I_TAX,EUR,PT,2019-S2,0.0957,
ESTAT:NRG_PC_202(1.0),08/04/22 11:00:00,S,4100,4141901,KWH,I_TAX,EUR,PT,2020-S1,0.0954,
ESTAT:NRG_PC_202(1.0),08/04/22 11:00:00,S,4100,4141901,KWH,I_TAX,EUR,PT,2020-S2,0.0949,
ESTAT:NRG_PC_202(1.0),08/04/22 11:00:00,S,4100,4141901,KWH,I_TAX,EUR,PT,2021-S1,0.0917,
ESTAT:NRG_PC_202(1.0),08/04/22 11:00:00,S,4100,4141901,KWH,I_TAX,EUR,PT,2021-S2,0.0955,
ESTAT:NRG_PC_202(1.0),08/04/22 11:00:00,S,4100,4141901,KWH,I_TAX,EUR,RO,2007-S2,0.0346,
ESTAT:NRG_PC_202(1.0),08/04/22 11:00:00,S,4100,4141901,KWH,I_TAX,EUR,RO,2008-S1,0.0333,
ESTAT:NRG_PC_202(1.0),08/04/22 11:00:00,S,4100,4141901,KWH,I_TAX,EUR,RO,2008-S2,0.0339,
ESTAT:NRG_PC_202(1.0),08/04/22 11:00:00,S,4100,4141901,KWH,I_TAX,EUR,RO,2009-S1,0.0295,
ESTAT:NRG_PC_202(1.0),08/04/22 11:00:00,S,4100,4141901,KWH,I_TAX,EUR,RO,2009-S2,0.0270,
ESTAT:NRG_PC_202(1.0),08/04/22 11:00:00,S,4100,4141901,KWH,I_TAX,EUR,RO,2010-S1,0.0276,
ESTAT:NRG_PC_202(1.0),08/04/22 11:00:00,S,4100,4141901,KWH,I_TAX,EUR,RO,2010-S2,0.0280,
ESTAT:NRG_PC_202(1.0),08/04/22 11:00:00,S,4100,4141901,KWH,I_TAX,EUR,RO,2011-S1,0.0286,
ESTAT:NRG_PC_202(1.0),08/04/22 11:00:00,S,4100,4141901,KWH,I_TAX,EUR,RO,2011-S2,0.0278,
ESTAT:NRG_PC_202(1.0),08/04/22 11:00:00,S,4100,4141901,KWH,I_TAX,EUR,RO,2012-S1,0.0272,
ESTAT:NRG_PC_202(1.0),08/04/22 11:00:00,S,4100,4141901,KWH,I_TAX,EUR,RO,2012-S2,0.0275,
ESTAT:NRG_PC_202(1.0),08/04/22 11:00:00,S,4100,4141901,KWH,I_TAX,EUR,RO,2013-S1,0.0286,
ESTAT:NRG_PC_202(1.0),08/04/22 11:00:00,S,4100,4141901,KWH,I_TAX,EUR,RO,2013-S2,0.0308,
ESTAT:NRG_PC_202(1.0),08/04/22 11:00:00,S,4100,4141901,KWH,I_TAX,EUR,RO,2014-S1,0.0311,
ESTAT:NRG_PC_202(1.0),08/04/22 11:00:00,S,4100,4141901,KWH,I_TAX,EUR,RO,2014-S2,0.0321,
ESTAT:NRG_PC_202(1.0),08/04/22 11:00:00,S,4100,4141901,KWH,I_TAX,EUR,RO,2015-S1,0.0315,
ESTAT:NRG_PC_202(1.0),08/04/22 11:00:00,S,4100,4141901,KWH,I_TAX,EUR,RO,2015-S2,0.0345,
ESTAT:NRG_PC_202(1.0),08/04/22 11:00:00,S,4100,4141901,KWH,I_TAX,EUR,RO,2016-S1,0.0336,
ESTAT:NRG_PC_202(1.0),08/04/22 11:00:00,S,4100,4141901,KWH,I_TAX,EUR,RO,2016-S2,0.0327,
ESTAT:NRG_PC_202(1.0),08/04/22 11:00:00,S,4100,4141901,KWH,I_TAX,EUR,RO,2017-S1,0.0308,e
ESTAT:NRG_PC_202(1.0),08/04/22 11:00:00,S,4100,4141901,KWH,I_TAX,EUR,RO,2017-S2,0.0314,e
ESTAT:NRG_PC_202(1.0),08/04/22 11:00:00,S,4100,4141901,KWH,I_TAX,EUR,RO,2018-S1,0.0323,e
ESTAT:NRG_PC_202(1.0),08/04/22 11:00:00,S,4100,4141901,KWH,I_TAX,EUR,RO,2018-S2,0.0354,e
ESTAT:NRG_PC_202(1.0),08/04/22 11:00:00,S,4100,4141901,KWH,I_TAX,EUR,RO,2019-S1,0.0348,e
ESTAT:NRG_PC_202(1.0),08/04/22 11:00:00,S,4100,4141901,KWH,I_TAX,EUR,RO,2019-S2,0.0337,
ESTAT:NRG_PC_202(1.0),08/04/22 11:00:00,S,4100,4141901,KWH,I_TAX,EUR,RO,2020-S1,0.0330,e
ESTAT:NRG_PC_202(1.0),08/04/22 11:00:00,S,4100,4141901,KWH,I_TAX,EUR,RO,2020-S2,0.0326,
ESTAT:NRG_PC_202(1.0),08/04/22 11:00:00,S,4100,4141901,KWH,I_TAX,EUR,RO,2021-S1,0.0321,e
ESTAT:NRG_PC_202(1.0),08/04/22 11:00:00,S,4100,4141901,KWH,I_TAX,EUR,RO,2021-S2,0.0503,e
ESTAT:NRG_PC_202(1.0),08/04/22 11:00:00,S,4100,4141901,KWH,I_TAX,EUR,RS,2013-S1,0.0493,
ESTAT:NRG_PC_202(1.0),08/04/22 11:00:00,S,4100,4141901,KWH,I_TAX,EUR,RS,2013-S2,0.0558,
ESTAT:NRG_PC_202(1.0),08/04/22 11:00:00,S,4100,4141901,KWH,I_TAX,EUR,RS,2014-S1,0.0510,
ESTAT:NRG_PC_202(1.0),08/04/22 11:00:00,S,4100,4141901,KWH,I_TAX,EUR,RS,2014-S2,0.0551,
ESTAT:NRG_PC_202(1.0),08/04/22 11:00:00,S,4100,4141901,KWH,I_TAX,EUR,RS,2015-S1,0.0539,
ESTAT:NRG_PC_202(1.0),08/04/22 11:00:00,S,4100,4141901,KWH,I_TAX,EUR,RS,2015-S2,0.0500,
ESTAT:NRG_PC_202(1.0),08/04/22 11:00:00,S,4100,4141901,KWH,I_TAX,EUR,RS,2016-S1,0.0446,
ESTAT:NRG_PC_202(1.0),08/04/22 11:00:00,S,4100,4141901,KWH,I_TAX,EUR,RS,2016-S2,0.0411,
ESTAT:NRG_PC_202(1.0),08/04/22 11:00:00,S,4100,4141901,KWH,I_TAX,EUR,RS,2017-S1,0.0387,
ESTAT:NRG_PC_202(1.0),08/04/22 11:00:00,S,4100,4141901,KWH,I_TAX,EUR,RS,2017-S2,0.0430,
ESTAT:NRG_PC_202(1.0),08/04/22 11:00:00,S,4100,4141901,KWH,I_TAX,EUR,RS,2018-S1,0.0403,
ESTAT:NRG_PC_202(1.0),08/04/22 11:00:00,S,4100,4141901,KWH,I_TAX,EUR,RS,2018-S2,0.0426,
ESTAT:NRG_PC_202(1.0),08/04/22 11:00:00,S,4100,4141901,KWH,I_TAX,EUR,RS,2019-S1,0.0400,
ESTAT:NRG_PC_202(1.0),08/04/22 11:00:00,S,4100,4141901,KWH,I_TAX,EUR,RS,2019-S2,0.0436,
ESTAT:NRG_PC_202(1.0),08/04/22 11:00:00,S,4100,4141901,KWH,I_TAX,EUR,RS,2020-S1,0.0391,
ESTAT:NRG_PC_202(1.0),08/04/22 11:00:00,S,4100,4141901,KWH,I_TAX,EUR,RS,2020-S2,0.0430,
ESTAT:NRG_PC_202(1.0),08/04/22 11:00:00,S,4100,4141901,KWH,I_TAX,EUR,RS,2021-S1,0.0406,
ESTAT:NRG_PC_202(1.0),08/04/22 11:00:00,S,4100,4141901,KWH,I_TAX,EUR,RS,2021-S2,0.0423,
ESTAT:NRG_PC_202(1.0),08/04/22 11:00:00,S,4100,4141901,KWH,I_TAX,EUR,SE,2007-S1,0.1294,
ESTAT:NRG_PC_202(1.0),08/04/22 11:00:00,S,4100,4141901,KWH,I_TAX,EUR,SE,2007-S2,0.1082,
ESTAT:NRG_PC_202(1.0),08/04/22 11:00:00,S,4100,4141901,KWH,I_TAX,EUR,SE,2008-S1,0.1082,
ESTAT:NRG_PC_202(1.0),08/04/22 11:00:00,S,4100,4141901,KWH,I_TAX,EUR,SE,2008-S2,0.1438,
ESTAT:NRG_PC_202(1.0),08/04/22 11:00:00,S,4100,4141901,KWH,I_TAX,EUR,SE,2009-S1,0.1227,
ESTAT:NRG_PC_202(1.0),08/04/22 11:00:00,S,4100,4141901,KWH,I_TAX,EUR,SE,2009-S2,0.1413,
ESTAT:NRG_PC_202(1.0),08/04/22 11:00:00,S,4100,4141901,KWH,I_TAX,EUR,SE,2010-S1,0.1500,
ESTAT:NRG_PC_202(1.0),08/04/22 11:00:00,S,4100,4141901,KWH,I_TAX,EUR,SE,2010-S2,0.1661,
ESTAT:NRG_PC_202(1.0),08/04/22 11:00:00,S,4100,4141901,KWH,I_TAX,EUR,SE,2011-S1,0.1748,
ESTAT:NRG_PC_202(1.0),08/04/22 11:00:00,S,4100,4141901,KWH,I_TAX,EUR,SE,2011-S2,0.1814,
ESTAT:NRG_PC_202(1.0),08/04/22 11:00:00,S,4100,4141901,KWH,I_TAX,EUR,SE,2012-S1,0.1867,
ESTAT:NRG_PC_202(1.0),08/04/22 11:00:00,S,4100,4141901,KWH,I_TAX,EUR,SE,2012-S2,0.2070,
ESTAT:NRG_PC_202(1.0),08/04/22 11:00:00,S,4100,4141901,KWH,I_TAX,EUR,SE,2013-S1,0.1787,
ESTAT:NRG_PC_202(1.0),08/04/22 11:00:00,S,4100,4141901,KWH,I_TAX,EUR,SE,2013-S2,0.1678,
ESTAT:NRG_PC_202(1.0),08/04/22 11:00:00,S,4100,4141901,KWH,I_TAX,EUR,SE,2014-S1,0.1671,
ESTAT:NRG_PC_202(1.0),08/04/22 11:00:00,S,4100,4141901,KWH,I_TAX,EUR,SE,2014-S2,0.1739,
ESTAT:NRG_PC_202(1.0),08/04/22 11:00:00,S,4100,4141901,KWH,I_TAX,EUR,SE,2015-S1,0.1703,
ESTAT:NRG_PC_202(1.0),08/04/22 11:00:00,S,4100,4141901,KWH,I_TAX,EUR,SE,2015-S2,0.1874,
ESTAT:NRG_PC_202(1.0),08/04/22 11:00:00,S,4100,4141901,KWH,I_TAX,EUR,SE,2016-S1,0.1651,
ESTAT:NRG_PC_202(1.0),08/04/22 11:00:00,S,4100,4141901,KWH,I_TAX,EUR,SE,2016-S2,0.1842,
ESTAT:NRG_PC_202(1.0),08/04/22 11:00:00,S,4100,4141901,KWH,I_TAX,EUR,SE,2017-S1,0.1669,
ESTAT:NRG_PC_202(1.0),08/04/22 11:00:00,S,4100,4141901,KWH,I_TAX,EUR,SE,2017-S2,0.1789,
ESTAT:NRG_PC_202(1.0),08/04/22 11:00:00,S,4100,4141901,KWH,I_TAX,EUR,SE,2018-S1,0.1715,
ESTAT:NRG_PC_202(1.0),08/04/22 11:00:00,S,4100,4141901,KWH,I_TAX,EUR,SE,2018-S2,0.1947,
ESTAT:NRG_PC_202(1.0),08/04/22 11:00:00,S,4100,4141901,KWH,I_TAX,EUR,SE,2019-S1,0.2163,
ESTAT:NRG_PC_202(1.0),08/04/22 11:00:00,S,4100,4141901,KWH,I_TAX,EUR,SE,2019-S2,0.2135,
ESTAT:NRG_PC_202(1.0),08/04/22 11:00:00,S,4100,4141901,KWH,I_TAX,EUR,SE,2020-S1,0.1948,e
ESTAT:NRG_PC_202(1.0),08/04/22 11:00:00,S,4100,4141901,KWH,I_TAX,EUR,SE,2020-S2,0.1588,e
ESTAT:NRG_PC_202(1.0),08/04/22 11:00:00,S,4100,4141901,KWH,I_TAX,EUR,SE,2021-S1,0.2838,e
ESTAT:NRG_PC_202(1.0),08/04/22 11:00:00,S,4100,4141901,KWH,I_TAX,EUR,SE,2021-S2,0.3866,e
ESTAT:NRG_PC_202(1.0),08/04/22 11:00:00,S,4100,4141901,KWH,I_TAX,EUR,SI,2007-S2,0.0625,
ESTAT:NRG_PC_202(1.0),08/04/22 11:00:00,S,4100,4141901,KWH,I_TAX,EUR,SI,2008-S1,0.0681,
ESTAT:NRG_PC_202(1.0),08/04/22 11:00:00,S,4100,4141901,KWH,I_TAX,EUR,SI,2008-S2,0.0896,
ESTAT:NRG_PC_202(1.0),08/04/22 11:00:00,S,4100,4141901,KWH,I_TAX,EUR,SI,2009-S1,0.0806,
ESTAT:NRG_PC_202(1.0),08/04/22 11:00:00,S,4100,4141901,KWH,I_TAX,EUR,SI,2009-S2,0.0766,
ESTAT:NRG_PC_202(1.0),08/04/22 11:00:00,S,4100,4141901,KWH,I_TAX,EUR,SI,2010-S1,0.0711,
ESTAT:NRG_PC_202(1.0),08/04/22 11:00:00,S,4100,4141901,KWH,I_TAX,EUR,SI,2010-S2,0.0740,
ESTAT:NRG_PC_202(1.0),08/04/22 11:00:00,S,4100,4141901,KWH,I_TAX,EUR,SI,2011-S1,0.0801,
ESTAT:NRG_PC_202(1.0),08/04/22 11:00:00,S,4100,4141901,KWH,I_TAX,EUR,SI,2011-S2,0.0892,
ESTAT:NRG_PC_202(1.0),08/04/22 11:00:00,S,4100,4141901,KWH,I_TAX,EUR,SI,2012-S1,0.0967,
ESTAT:NRG_PC_202(1.0),08/04/22 11:00:00,S,4100,4141901,KWH,I_TAX,EUR,SI,2012-S2,0.0954,
ESTAT:NRG_PC_202(1.0),08/04/22 11:00:00,S,4100,4141901,KWH,I_TAX,EUR,SI,2013-S1,0.0829,
ESTAT:NRG_PC_202(1.0),08/04/22 11:00:00,S,4100,4141901,KWH,I_TAX,EUR,SI,2013-S2,0.0679,
ESTAT:NRG_PC_202(1.0),08/04/22 11:00:00,S,4100,4141901,KWH,I_TAX,EUR,SI,2014-S1,0.0815,
ESTAT:NRG_PC_202(1.0),08/04/22 11:00:00,S,4100,4141901,KWH,I_TAX,EUR,SI,2014-S2,0.0663,
ESTAT:NRG_PC_202(1.0),08/04/22 11:00:00,S,4100,4141901,KWH,I_TAX,EUR,SI,2015-S1,0.0746,
ESTAT:NRG_PC_202(1.0),08/04/22 11:00:00,S,4100,4141901,KWH,I_TAX,EUR,SI,2015-S2,0.0694,
ESTAT:NRG_PC_202(1.0),08/04/22 11:00:00,S,4100,4141901,KWH,I_TAX,EUR,SI,2016-S1,0.0692,
ESTAT:NRG_PC_202(1.0),08/04/22 11:00:00,S,4100,4141901,KWH,I_TAX,EUR,SI,2016-S2,0.0667,
ESTAT:NRG_PC_202(1.0),08/04/22 11:00:00,S,4100,4141901,KWH,I_TAX,EUR,SI,2017-S1,0.0603,
ESTAT:NRG_PC_202(1.0),08/04/22 11:00:00,S,4100,4141901,KWH,I_TAX,EUR,SI,2017-S2,0.0567,
ESTAT:NRG_PC_202(1.0),08/04/22 11:00:00,S,4100,4141901,KWH,I_TAX,EUR,SI,2018-S1,0.0605,
ESTAT:NRG_PC_202(1.0),08/04/22 11:00:00,S,4100,4141901,KWH,I_TAX,EUR,SI,2018-S2,0.0604,
ESTAT:NRG_PC_202(1.0),08/04/22 11:00:00,S,4100,4141901,KWH,I_TAX,EUR,SI,2019-S1,0.0620,
ESTAT:NRG_PC_202(1.0),08/04/22 11:00:00,S,4100,4141901,KWH,I_TAX,EUR,SI,2019-S2,0.0596,
ESTAT:NRG_PC_202(1.0),08/04/22 11:00:00,S,4100,4141901,KWH,I_TAX,EUR,SI,2020-S1,0.0651,
ESTAT:NRG_PC_202(1.0),08/04/22 11:00:00,S,4100,4141901,KWH,I_TAX,EUR,SI,2020-S2,0.0584,
ESTAT:NRG_PC_202(1.0),08/04/22 11:00:00,S,4100,4141901,KWH,I_TAX,EUR,SI,2021-S1,0.0587,
ESTAT:NRG_PC_202(1.0),08/04/22 11:00:00,S,4100,4141901,KWH,I_TAX,EUR,SI,2021-S2,0.0634,
ESTAT:NRG_PC_202(1.0),08/04/22 11:00:00,S,4100,4141901,KWH,I_TAX,EUR,SK,2007-S2,0.0812,
ESTAT:NRG_PC_202(1.0),08/04/22 11:00:00,S,4100,4141901,KWH,I_TAX,EUR,SK,2008-S1,0.0930,
ESTAT:NRG_PC_202(1.0),08/04/22 11:00:00,S,4100,4141901,KWH,I_TAX,EUR,SK,2008-S2,0.0980,
ESTAT:NRG_PC_202(1.0),08/04/22 11:00:00,S,4100,4141901,KWH,I_TAX,EUR,SK,2009-S1,0.1000,
ESTAT:NRG_PC_202(1.0),08/04/22 11:00:00,S,4100,4141901,KWH,I_TAX,EUR,SK,2009-S2,0.0993,
ESTAT:NRG_PC_202(1.0),08/04/22 11:00:00,S,4100,4141901,KWH,I_TAX,EUR,SK,2010-S1,0.0971,
ESTAT:NRG_PC_202(1.0),08/04/22 11:00:00,S,4100,4141901,KWH,I_TAX,EUR,SK,2010-S2,0.0965,
ESTAT:NRG_PC_202(1.0),08/04/22 11:00:00,S,4100,4141901,KWH,I_TAX,EUR,SK,2011-S1,0.0991,
ESTAT:NRG_PC_202(1.0),08/04/22 11:00:00,S,4100,4141901,KWH,I_TAX,EUR,SK,2011-S2,0.1014,
ESTAT:NRG_PC_202(1.0),08/04/22 11:00:00,S,4100,4141901,KWH,I_TAX,EUR,SK,2012-S1,0.1007,
ESTAT:NRG_PC_202(1.0),08/04/22 11:00:00,S,4100,4141901,KWH,I_TAX,EUR,SK,2012-S2,0.0996,
ESTAT:NRG_PC_202(1.0),08/04/22 11:00:00,S,4100,4141901,KWH,I_TAX,EUR,SK,2013-S1,0.1012,
ESTAT:NRG_PC_202(1.0),08/04/22 11:00:00,S,4100,4141901,KWH,I_TAX,EUR,SK,2013-S2,0.1044,
ESTAT:NRG_PC_202(1.0),08/04/22 11:00:00,S,4100,4141901,KWH,I_TAX,EUR,SK,2014-S1,0.1017,
ESTAT:NRG_PC_202(1.0),08/04/22 11:00:00,S,4100,4141901,KWH,I_TAX,EUR,SK,2014-S2,0.1037,
ESTAT:NRG_PC_202(1.0),08/04/22 11:00:00,S,4100,4141901,KWH,I_TAX,EUR,SK,2015-S1,0.1042,
ESTAT:NRG_PC_202(1.0),08/04/22 11:00:00,S,4100,4141901,KWH,I_TAX,EUR,SK,2015-S2,0.1040,
ESTAT:NRG_PC_202(1.0),08/04/22 11:00:00,S,4100,4141901,KWH,I_TAX,EUR,SK,2016-S1,0.1011,
ESTAT:NRG_PC_202(1.0),08/04/22 11:00:00,S,4100,4141901,KWH,I_TAX,EUR,SK,2016-S2,0.0992,
ESTAT:NRG_PC_202(1.0),08/04/22 11:00:00,S,4100,4141901,KWH,I_TAX,EUR,SK,2017-S1,0.0968,
ESTAT:NRG_PC_202(1.0),08/04/22 11:00:00,S,4100,4141901,KWH,I_TAX,EUR,SK,2017-S2,0.1002,
ESTAT:NRG_PC_202(1.0),08/04/22 11:00:00,S,4100,4141901,KWH,I_TAX,EUR,SK,2018-S1,0.0977,
ESTAT:NRG_PC_202(1.0),08/04/22 11:00:00,S,4100,4141901,KWH,I_TAX,EUR,SK,2018-S2,0.1058,
ESTAT:NRG_PC_202(1.0),08/04/22 11:00:00,S,4100,4141901,KWH,I_TAX,EUR,SK,2019-S1,0.1211,
ESTAT:NRG_PC_202(1.0),08/04/22 11:00:00,S,4100,4141901,KWH,I_TAX,EUR,SK,2019-S2,0.1232,
ESTAT:NRG_PC_202(1.0),08/04/22 11:00:00,S,4100,4141901,KWH,I_TAX,EUR,SK,2020-S1,0.1182,
ESTAT:NRG_PC_202(1.0),08/04/22 11:00:00,S,4100,4141901,KWH,I_TAX,EUR,SK,2020-S2,0.1221,
ESTAT:NRG_PC_202(1.0),08/04/22 11:00:00,S,4100,4141901,KWH,I_TAX,EUR,SK,2021-S1,0.1143,
ESTAT:NRG_PC_202(1.0),08/04/22 11:00:00,S,4100,4141901,KWH,I_TAX,EUR,SK,2021-S2,0.1193,
ESTAT:NRG_PC_202(1.0),08/04/22 11:00:00,S,4100,4141901,KWH,I_TAX,EUR,TR,2007-S2,0.0327,
ESTAT:NRG_PC_202(1.0),08/04/22 11:00:00,S,4100,4141901,KWH,I_TAX,EUR,TR,2008-S1,0.0329,
ESTAT:NRG_PC_202(1.0),08/04/22 11:00:00,S,4100,4141901,KWH,I_TAX,EUR,TR,2008-S2,0.0477,
ESTAT:NRG_PC_202(1.0),08/04/22 11:00:00,S,4100,4141901,KWH,I_TAX,EUR,TR,2009-S1,0.0401,
ESTAT:NRG_PC_202(1.0),08/04/22 11:00:00,S,4100,4141901,KWH,I_TAX,EUR,TR,2009-S2,0.0302,
ESTAT:NRG_PC_202(1.0),08/04/22 11:00:00,S,4100,4141901,KWH,I_TAX,EUR,TR,2010-S1,0.0328,
ESTAT:NRG_PC_202(1.0),08/04/22 11:00:00,S,4100,4141901,KWH,I_TAX,EUR,TR,2010-S2,0.0333,
ESTAT:NRG_PC_202(1.0),08/04/22 11:00:00,S,4100,4141901,KWH,I_TAX,EUR,TR,2011-S1,0.0302,
ESTAT:NRG_PC_202(1.0),08/04/22 11:00:00,S,4100,4141901,KWH,I_TAX,EUR,TR,2011-S2,0.0302,
ESTAT:NRG_PC_202(1.0),08/04/22 11:00:00,S,4100,4141901,KWH,I_TAX,EUR,TR,2012-S1,0.0341,
ESTAT:NRG_PC_202(1.0),08/04/22 11:00:00,S,4100,4141901,KWH,I_TAX,EUR,TR,2012-S2,0.0415,
ESTAT:NRG_PC_202(1.0),08/04/22 11:00:00,S,4100,4141901,KWH,I_TAX,EUR,TR,2013-S1,0.0405,
ESTAT:NRG_PC_202(1.0),08/04/22 11:00:00,S,4100,4141901,KWH,I_TAX,EUR,TR,2013-S2,0.0369,
ESTAT:NRG_PC_202(1.0),08/04/22 11:00:00,S,4100,4141901,KWH,I_TAX,EUR,TR,2014-S1,0.0336,
ESTAT:NRG_PC_202(1.0),08/04/22 11:00:00,S,4100,4141901,KWH,I_TAX,EUR,TR,2014-S2,0.0378,
ESTAT:NRG_PC_202(1.0),08/04/22 11:00:00,S,4100,4141901,KWH,I_TAX,EUR,TR,2015-S1,0.0381,
ESTAT:NRG_PC_202(1.0),08/04/22 11:00:00,S,4100,4141901,KWH,I_TAX,EUR,TR,2015-S2,0.0352,
ESTAT:NRG_PC_202(1.0),08/04/22 11:00:00,S,4100,4141901,KWH,I_TAX,EUR,TR,2016-S1,0.0341,
ESTAT:NRG_PC_202(1.0),08/04/22 11:00:00,S,4100,4141901,KWH,I_TAX,EUR,TR,2016-S2,0.0306,
ESTAT:NRG_PC_202(1.0),08/04/22 11:00:00,S,4100,4141901,KWH,I_TAX,EUR,TR,2017-S1,0.0267,
ESTAT:NRG_PC_202(1.0),08/04/22 11:00:00,S,4100,4141901,KWH,I_TAX,EUR,TR,2017-S2,0.0248,
ESTAT:NRG_PC_202(1.0),08/04/22 11:00:00,S,4100,4141901,KWH,I_TAX,EUR,TR,2018-S1,0.0218,
ESTAT:NRG_PC_202(1.0),08/04/22 11:00:00,S,4100,4141901,KWH,I_TAX,EUR,TR,2018-S2,0.0213,
ESTAT:NRG_PC_202(1.0),08/04/22 11:00:00,S,4100,4141901,KWH,I_TAX,EUR,TR,2019-S1,0.0202,
ESTAT:NRG_PC_202(1.0),08/04/22 11:00:00,S,4100,4141901,KWH,I_TAX,EUR,TR,2019-S2,0.0266,
ESTAT:NRG_PC_202(1.0),08/04/22 11:00:00,S,4100,4141901,KWH,I_TAX,EUR,TR,2020-S1,0.0244,
ESTAT:NRG_PC_202(1.0),08/04/22 11:00:00,S,4100,4141901,KWH,I_TAX,EUR,TR,2020-S2,0.0200,
ESTAT:NRG_PC_202(1.0),08/04/22 11:00:00,S,4100,4141901,KWH,I_TAX,EUR,TR,2021-S1,0.0195,
ESTAT:NRG_PC_202(1.0),08/04/22 11:00:00,S,4100,4141901,KWH,I_TAX,EUR,TR,2021-S2,0.0189,
ESTAT:NRG_PC_202(1.0),08/04/22 11:00:00,S,4100,4141901,KWH,I_TAX,EUR,UA,2016-S1,0.0182,
ESTAT:NRG_PC_202(1.0),08/04/22 11:00:00,S,4100,4141901,KWH,I_TAX,EUR,UA,2016-S2,0.0238,
ESTAT:NRG_PC_202(1.0),08/04/22 11:00:00,S,4100,4141901,KWH,I_TAX,EUR,UA,2017-S1,0.0231,
ESTAT:NRG_PC_202(1.0),08/04/22 11:00:00,S,4100,4141901,KWH,I_TAX,EUR,UA,2017-S2,0.0217,
ESTAT:NRG_PC_202(1.0),08/04/22 11:00:00,S,4100,4141901,KWH,I_TAX,EUR,UA,2018-S1,0.0209,
ESTAT:NRG_PC_202(1.0),08/04/22 11:00:00,S,4100,4141901,KWH,I_TAX,EUR,UA,2018-S2,0.0249,
ESTAT:NRG_PC_202(1.0),08/04/22 11:00:00,S,4100,4141901,KWH,I_TAX,EUR,UA,2019-S1,0.0273,
ESTAT:NRG_PC_202(1.0),08/04/22 11:00:00,S,4100,4141901,KWH,I_TAX,EUR,UA,2019-S2,0.0228,
ESTAT:NRG_PC_202(1.0),08/04/22 11:00:00,S,4100,4141901,KWH,I_TAX,EUR,UA,2020-S1,0.0175,
ESTAT:NRG_PC_202(1.0),08/04/22 11:00:00,S,4100,4141901,KWH,I_TAX,EUR,UA,2020-S2,0.0228,
ESTAT:NRG_PC_202(1.0),08/04/22 11:00:00,S,4100,4141901,KWH,I_TAX,EUR,UA,2021-S1,0.0247,
ESTAT:NRG_PC_202(1.0),08/04/22 11:00:00,S,4100,4141901,KWH,I_TAX,EUR,UK,2007-S2,0.0387,
ESTAT:NRG_PC_202(1.0),08/04/22 11:00:00,S,4100,4141901,KWH,I_TAX,EUR,UK,2008-S1,0.0443,
ESTAT:NRG_PC_202(1.0),08/04/22 11:00:00,S,4100,4141901,KWH,I_TAX,EUR,UK,2008-S2,0.0507,
ESTAT:NRG_PC_202(1.0),08/04/22 11:00:00,S,4100,4141901,KWH,I_TAX,EUR,UK,2009-S1,0.0478,
ESTAT:NRG_PC_202(1.0),08/04/22 11:00:00,S,4100,4141901,KWH,I_TAX,EUR,UK,2009-S2,0.0475,
ESTAT:NRG_PC_202(1.0),08/04/22 11:00:00,S,4100,4141901,KWH,I_TAX,EUR,UK,2010-S1,0.0458,
ESTAT:NRG_PC_202(1.0),08/04/22 11:00:00,S,4100,4141901,KWH,I_TAX,EUR,UK,2010-S2,0.0475,
ESTAT:NRG_PC_202(1.0),08/04/22 11:00:00,S,4100,4141901,KWH,I_TAX,EUR,UK,2011-S1,0.0485,
ESTAT:NRG_PC_202(1.0),08/04/22 11:00:00,S,4100,4141901,KWH,I_TAX,EUR,UK,2011-S2,0.0594,
ESTAT:NRG_PC_202(1.0),08/04/22 11:00:00,S,4100,4141901,KWH,I_TAX,EUR,UK,2012-S1,0.0593,
ESTAT:NRG_PC_202(1.0),08/04/22 11:00:00,S,4100,4141901,KWH,I_TAX,EUR,UK,2012-S2,0.0678,
ESTAT:NRG_PC_202(1.0),08/04/22 11:00:00,S,4100,4141901,KWH,I_TAX,EUR,UK,2013-S1,0.0602,
ESTAT:NRG_PC_202(1.0),08/04/22 11:00:00,S,4100,4141901,KWH,I_TAX,EUR,UK,2013-S2,0.0771,
ESTAT:NRG_PC_202(1.0),08/04/22 11:00:00,S,4100,4141901,KWH,I_TAX,EUR,UK,2014-S1,0.0798,
ESTAT:NRG_PC_202(1.0),08/04/22 11:00:00,S,4100,4141901,KWH,I_TAX,EUR,UK,2014-S2,0.0970,
ESTAT:NRG_PC_202(1.0),08/04/22 11:00:00,S,4100,4141901,KWH,I_TAX,EUR,UK,2015-S1,0.0834,
ESTAT:NRG_PC_202(1.0),08/04/22 11:00:00,S,4100,4141901,KWH,I_TAX,EUR,UK,2015-S2,0.0977,
ESTAT:NRG_PC_202(1.0),08/04/22 11:00:00,S,4100,4141901,KWH,I_TAX,EUR,UK,2016-S1,0.0761,
ESTAT:NRG_PC_202(1.0),08/04/22 11:00:00,S,4100,4141901,KWH,I_TAX,EUR,UK,2016-S2,0.0826,
ESTAT:NRG_PC_202(1.0),08/04/22 11:00:00,S,4100,4141901,KWH,I_TAX,EUR,UK,2017-S1,0.0635,
ESTAT:NRG_PC_202(1.0),08/04/22 11:00:00,S,4100,4141901,KWH,I_TAX,EUR,UK,2017-S2,0.0724,
ESTAT:NRG_PC_202(1.0),08/04/22 11:00:00,S,4100,4141901,KWH,I_TAX,EUR,UK,2018-S1,0.0611,
ESTAT:NRG_PC_202(1.0),08/04/22 11:00:00,S,4100,4141901,KWH,I_TAX,EUR,UK,2018-S2,0.0793,
ESTAT:NRG_PC_202(1.0),08/04/22 11:00:00,S,4100,4141901,KWH,I_TAX,EUR,UK,2019-S1,0.0698,
ESTAT:NRG_PC_202(1.0),08/04/22 11:00:00,S,4100,4141901,KWH,I_TAX,EUR,UK,2019-S2,0.0906,
ESTAT:NRG_PC_202(1.0),08/04/22 11:00:00,S,4100,4141901,KWH,I_TAX,EUR,UK,2020-S1,0.0721,
